Month,Allotment,Crop,Flowers,Honeybees,Bumblebees,Hoverflies,Terrestris,Lapidarius,Pascuorum,Pratorum,Hypnorum,Hortorum
August,Camp_Site,Raspberry,6,0,0,0,0,0,0,0,0,0
August,Camp_Site,Rbean,50,0,0,0,0,0,0,0,0,0
August,Hoggs,Rbean,140,0,1,0,0,0,1,0,0,0
August,Hoggs,Rbean,28,0,1,0,0,0,0,0,0,1
August,Hoggs,Rbean,75,1,0,0,0,0,0,0,0,0
August,Hoggs,Rbean,100,2,0,0,0,0,0,0,0,0
August,Hoggs,Rbean,100,0,0,0,0,0,0,0,0,0
August,Hoggs,Rbean,100,0,0,0,0,0,0,0,0,0
August,Hoggs,Rbean,21,0,0,0,0,0,0,0,0,0
August,Hoggs,Rbean,60,0,0,0,0,0,0,0,0,0
August,Hoggs,Rbean,60,0,0,0,0,0,0,0,0,0
August,Hoggs,Rbean,100,0,1,0,1,0,0,0,0,0
August,Hoggs,Rbean,140,0,0,0,0,0,0,0,0,0
August,Hoggs,Rbean,60,0,2,0,0,1,1,0,0,0
August,Hoggs,Rbean,60,0,1,0,1,0,0,0,0,0
April,Hoggs,Plum,200,0,0,2,0,0,0,0,0,0
August,Hoggs,Bbean,350,0,1,0,0,0,1,0,0,0
August,Hoggs,Bbean,180,0,0,0,0,0,0,0,0,0
August,Hoggs,Courgette,1,0,0,0,0,0,0,0,0,0
August,Hoggs,Courgette,1,0,0,0,0,0,0,0,0,0
August,Hoggs,Courgette,1,0,0,0,0,0,0,0,0,0
August,Hoggs,Courgette,1,0,0,0,0,0,0,0,0,0
August,Hoggs,Courgette,2,0,0,0,0,0,0,0,0,0
August,Hoggs,Courgette,3,0,0,0,0,0,0,0,0,0
August,Hoggs,Courgette,1,0,0,0,0,0,0,0,0,0
August,Hoggs,Courgette,1,0,0,0,0,0,0,0,0,0
August,Hoggs,Courgette,1,1,0,0,0,0,0,0,0,0
August,Hoggs,Courgette,1,0,0,0,0,0,0,0,0,0
August,Hoggs,Courgette,1,0,0,0,0,0,0,0,0,0
August,Hoggs,Cucumber,5,0,0,0,0,0,0,0,0,0
August,Hoggs,Cucumber,2,0,0,0,0,0,0,0,0,0
August,Hoggs,Cucumber,4,0,0,0,0,0,0,0,0,0
August,Hoggs,Cucumber,30,0,0,0,0,0,0,0,0,0
August,Hoggs,Cucumber,12,0,0,0,0,0,0,0,0,0
August,Hoggs,Cucumber,40,0,0,0,0,0,0,0,0,0
August,Hoggs,Physalis,60,0,3,0,0,0,3,0,0,0
August,Hoggs,Raspberry,20,0,1,0,1,0,0,0,0,0
August,Hoggs,Raspberry,60,1,2,0,0,0,2,0,0,0
August,Hoggs,Raspberry,80,0,2,0,0,0,2,0,0,0
August,Hoggs,Raspberry,100,0,3,0,0,0,3,0,0,0
August,Hoggs,Raspberry,200,0,3,0,0,0,3,0,0,0
August,Hoggs,Raspberry,400,0,2,0,0,0,2,0,0,0
August,Hoggs,Raspberry,30,0,0,0,0,0,0,0,0,0
August,Hoggs,Raspberry,40,2,2,0,1,0,1,0,0,0
August,Hoggs,Raspberry,60,4,4,0,2,0,2,0,0,0
August,Hoggs,Raspberry,60,1,2,0,0,0,2,0,0,0
August,Hoggs,Raspberry,80,2,2,0,0,0,1,1,0,0
August,Hoggs,Raspberry,100,0,2,0,1,0,1,0,0,0
August,Hoggs,Raspberry,100,0,0,0,0,0,0,0,0,0
August,Hoggs,Raspberry,200,1,1,0,0,0,1,0,0,0
August,Hoggs,Raspberry,400,1,5,0,0,0,1,0,4,0
August,Hoggs,Raspberry,400,0,3,0,1,0,0,2,0,0
August,Hoggs,Raspberry,20,0,0,0,0,0,0,0,0,0
August,Hoggs,Raspberry,30,0,1,0,0,0,1,0,0,0
August,Hoggs,Raspberry,40,0,0,0,0,0,0,0,0,0
August,Hoggs,Raspberry,40,0,0,0,0,0,0,0,0,0
August,Hoggs,Raspberry,80,0,2,0,1,0,1,0,0,0
August,Hoggs,Raspberry,200,2,2,0,0,0,2,0,0,0
August,Hoggs,Raspberry,200,3,0,0,0,0,0,0,0,0
August,Hoggs,Raspberry,300,4,2,0,1,0,1,0,0,0
August,Hoggs,Raspberry,400,10,3,0,1,0,2,0,0,0
August,Hoggs,Raspberry,200,2,2,0,0,0,2,0,0,0
August,Hoggs,Rbean,15,0,0,0,0,0,0,0,0,0
August,Hoggs,Rbean,15,0,0,0,0,0,0,0,0,0
August,Hoggs,Rbean,50,0,0,0,0,0,0,0,0,0
August,Hoggs,Rbean,15,0,0,0,0,0,0,0,0,0
August,Hoggs,Rbean,30,0,0,0,0,0,0,0,0,0
August,Hoggs,Rbean,240,2,0,0,0,0,0,0,0,0
August,Hoggs,Rbean,20,0,0,0,0,0,0,0,0,0
August,Hoggs,Rbean,30,0,0,0,0,0,0,0,0,0
August,Hoggs,Rbean,100,0,0,0,0,0,0,0,0,0
August,Hoggs,Rbean,100,0,0,0,0,0,0,0,0,0
August,Hoggs,Rbean,180,2,1,0,1,0,0,0,0,0
August,Hoggs,Rbean,240,0,2,0,1,0,1,0,0,0
August,Hoggs,Squash,2,0,0,0,0,0,0,0,0,0
August,Hoggs,Squash,4,0,0,0,0,0,0,0,0,0
August,Hoggs,Squash,6,0,0,0,0,0,0,0,0,0
August,Hoggs,Squash,10,0,0,0,0,0,0,0,0,0
August,Hoggs,Squash,1,0,0,0,0,0,0,0,0,0
August,Hoggs,Squash,1,0,1,0,1,0,0,0,0,0
August,Hoggs,Squash,1,0,0,0,0,0,0,0,0,0
August,Hoggs,Squash,2,0,0,0,0,0,0,0,0,0
August,Hoggs,Squash,2,0,0,0,0,0,0,0,0,0
August,Hoggs,Squash,3,0,0,0,0,0,0,0,0,0
August,Hoggs,Squash,4,0,0,0,0,0,0,0,0,0
August,Hoggs,Squash,4,0,0,0,0,0,0,0,0,0
August,Hoggs,Squash,5,0,0,0,0,0,0,0,0,0
August,Hoggs,Squash,6,1,0,0,0,0,0,0,0,0
August,Hoggs,Squash,6,5,0,0,0,0,0,0,0,0
August,Hoggs,Squash,8,5,1,0,1,0,0,0,0,0
August,Hoggs,Squash,225,0,0,0,0,0,0,0,0,0
August,Hoggs,Tomato,30,0,0,0,0,0,0,0,0,0
August,Hoggs,Tomato,10,0,0,0,0,0,0,0,0,0
August,Hoggs,Tomato,120,0,0,0,0,0,0,0,0,0
June,Hoggs,Blackberry,20,0,1,0,0,0,0,1,0,0
June,Hoggs,Blackberry,30,0,1,0,0,0,0,1,0,0
June,Hoggs,Blackberry,200,0,2,0,1,0,0,1,0,0
June,Hoggs,Blackberry,600,1,2,0,0,0,0,1,1,0
June,Hoggs,Bbean,50,0,0,0,0,0,0,0,0,0
June,Hoggs,Bbean,50,0,0,0,0,0,0,0,0,0
June,Hoggs,Bbean,100,0,1,0,1,0,0,0,0,0
June,Hoggs,Bbean,150,0,0,0,0,0,0,0,0,0
June,Hoggs,Bbean,150,0,0,0,0,0,0,0,0,0
June,Hoggs,Bbean,150,0,0,0,0,0,0,0,0,0
June,Hoggs,Bbean,400,0,3,0,1,0,2,0,0,0
June,Hoggs,Raspberry,120,0,1,0,0,0,0,1,0,0
June,Hoggs,Raspberry,30,0,0,0,0,0,0,0,0,0
June,Hoggs,Raspberry,30,0,1,0,0,0,0,1,0,0
June,Hoggs,Raspberry,60,0,0,0,0,0,0,0,0,0
June,Hoggs,Raspberry,100,0,0,0,0,0,0,0,0,0
June,Hoggs,Raspberry,150,0,3,0,0,0,0,2,1,0
June,Hoggs,Rbean,6,0,0,0,0,0,0,0,0,0
June,Hoggs,Rbean,84,0,0,0,0,0,0,0,0,0
June,Hoggs,Strawberry,12,0,0,0,0,0,0,0,0,0
June,Hoggs,Tomato,25,0,0,0,0,0,0,0,0,0
May,Hoggs,Apple,10,0,0,0,0,0,0,0,0,0
May,Hoggs,Apple,20,0,0,0,0,0,0,0,0,0
May,Hoggs,Apple,20,0,0,0,0,0,0,0,0,0
May,Hoggs,Apple,30,0,1,0,0,0,1,0,0,0
May,Hoggs,Apple,50,0,1,0,0,0,1,0,0,0
May,Hoggs,Apple,50,0,0,0,0,0,0,0,0,0
May,Hoggs,Apple,60,0,0,0,0,0,0,0,0,0
May,Hoggs,Apple,75,0,0,0,0,0,0,0,0,0
May,Hoggs,Apple,200,0,0,0,0,0,0,0,0,0
May,Hoggs,Apple,500,0,0,0,0,0,0,0,0,0
May,Hoggs,Blackberry,30,1,0,0,0,0,0,0,0,0
May,Hoggs,Blackberry,20,1,0,0,0,0,0,0,0,0
May,Hoggs,Blackberry,150,1,0,0,0,0,0,0,0,0
May,Hoggs,Blackberry,225,10,0,0,0,0,0,0,0,0
May,Hoggs,Blackberry,300,8,0,1,0,0,0,0,0,0
May,Hoggs,Blackberry,600,4,0,0,0,0,0,0,0,0
May,Hoggs,Blackberry,1000,6,0,0,0,0,0,0,0,0
May,Hoggs,Blackberry,10,0,0,0,0,0,0,0,0,0
May,Hoggs,Blueberry,50,0,1,0,1,0,0,0,0,0
May,Hoggs,Bbean,9,0,0,0,0,0,0,0,0,0
May,Hoggs,Bbean,12,0,0,0,0,0,0,0,0,0
May,Hoggs,Bbean,56,0,0,0,0,0,0,0,0,0
May,Hoggs,Bbean,140,0,0,0,0,0,0,0,0,0
May,Hoggs,Bbean,150,0,1,0,0,0,1,0,0,0
May,Hoggs,Bbean,150,0,0,0,0,0,0,0,0,0
May,Hoggs,Bbean,160,0,1,0,0,0,1,0,0,0
May,Hoggs,Bbean,280,0,0,0,0,0,0,0,0,0
May,Hoggs,Bbean,49,0,0,0,0,0,0,0,0,0
May,Hoggs,Bbean,84,0,0,0,0,0,0,0,0,0
May,Hoggs,Bbean,160,0,0,0,0,0,0,0,0,0
May,Hoggs,Bbean,1000,0,1,0,0,0,1,0,0,0
May,Hoggs,Currant,100,0,0,0,0,0,0,0,0,0
May,Hoggs,Currant,600,0,1,0,0,0,0,1,0,0
May,Hoggs,Raspberry,3,0,0,0,0,0,0,0,0,0
May,Hoggs,Raspberry,10,0,0,0,0,0,0,0,0,0
May,Hoggs,Raspberry,24,1,0,0,0,0,0,0,0,0
May,Hoggs,Raspberry,48,0,0,0,0,0,0,0,0,0
May,Hoggs,Raspberry,60,0,1,0,0,0,0,1,0,0
May,Hoggs,Raspberry,75,7,0,0,0,0,0,0,0,0
May,Hoggs,Raspberry,84,4,0,0,0,0,0,0,0,0
May,Hoggs,Raspberry,150,1,0,0,0,0,0,0,0,0
May,Hoggs,Raspberry,210,0,1,0,0,0,0,1,0,0
May,Hoggs,Raspberry,210,10,1,0,0,0,1,0,0,0
May,Hoggs,Raspberry,800,3,0,0,0,0,0,0,0,0
May,Hoggs,Strawberry,10,0,0,0,0,0,0,0,0,0
May,Hoggs,Strawberry,12,0,0,0,0,0,0,0,0,0
May,Hoggs,Strawberry,21,0,0,0,0,0,0,0,0,0
May,Hoggs,Strawberry,27,0,0,0,0,0,0,0,0,0
May,Hoggs,Strawberry,100,0,0,1,0,0,0,0,0,0
May,Hoggs,Strawberry,125,0,0,0,0,0,0,0,0,0
May,Hoggs,Strawberry,180,0,0,1,0,0,0,0,0,0
May,Hoggs,Strawberry,10,0,0,0,0,0,0,0,0,0
May,Hoggs,Strawberry,20,0,0,0,0,0,0,0,0,0
May,Hoggs,Strawberry,60,0,0,0,0,0,0,0,0,0
May,Hoggs,Strawberry,100,0,0,0,0,0,0,0,0,0
May,Hoggs,Strawberry,300,0,0,0,0,0,0,0,0,0
May,Hoggs,Tomato,20,0,0,0,0,0,0,0,0,0
August,Keston,Rbean,20,0,0,0,0,0,0,0,0,0
April,Keston,Apple,75,0,0,0,0,0,0,0,0,0
April,Keston,Apple,150,0,0,0,0,0,0,0,0,0
April,Keston,Apple,200,0,0,0,0,0,0,0,0,0
April,Keston,Bbean,80,0,0,0,0,0,0,0,0,0
April,Keston,Gooseberry,200,0,0,0,0,0,0,0,0,0
April,Keston,Strawberry,4,0,0,0,0,0,0,0,0,0
August,Keston,Courgette,1,2,0,0,0,0,0,0,0,0
August,Keston,Courgette,1,0,0,0,0,0,0,0,0,0
August,Keston,Squash,6,0,0,0,0,0,0,0,0,0
July,Keston,Courgette,3,0,2,0,2,0,0,0,0,0
July,Keston,Rbean,70,0,1,0,0,0,1,0,0,0
July,Keston,Squash,5,0,0,0,0,0,0,0,0,0
June,Keston,Courgette,1,0,0,0,0,0,0,0,0,0
June,Keston,Courgette,2,0,0,0,0,0,0,0,0,0
June,Keston,Courgette,2,0,0,0,0,0,0,0,0,0
June,Keston,Raspberry,60,0,1,0,0,0,0,0,1,0
June,Keston,Squash,1,0,0,0,0,0,0,0,0,0
June,Keston,Squash,1,0,0,0,0,0,0,0,0,0
May,Keston,Apple,10,0,0,0,0,0,0,0,0,0
May,Keston,Apple,50,1,0,0,0,0,0,0,0,0
May,Keston,Bbean,16,0,0,0,0,0,0,0,0,0
May,Keston,Raspberry,140,5,0,0,0,0,0,0,0,0
September,Keston,Courgette,1,0,0,0,0,0,0,0,0,0
September,Keston,Courgette,1,0,0,0,0,0,0,0,0,0
September,Keston,Courgette,1,0,0,0,0,0,0,0,0,0
September,Keston,Rbean,9,0,0,0,0,0,0,0,0,0
September,Keston,Squash,2,1,0,0,0,0,0,0,0,0
August,Keston,Rbean,40,0,0,0,0,0,0,0,0,0
September,Keston,Rbean,12,0,0,0,0,0,0,0,0,0
August,Keston,Courgette,1,0,0,0,0,0,0,0,0,0
August,Keston,Courgette,3,0,1,0,1,0,0,0,0,0
August,Keston,Raspberry,60,0,1,0,0,0,1,0,0,0
August,Keston,Squash,6,0,0,0,0,0,0,0,0,0
August,Keston,Squash,10,7,0,0,0,0,0,0,0,0
August,Keston,Strawberry,16,0,0,0,0,0,0,0,0,0
July,Keston,Courgette,1,0,0,0,0,0,0,0,0,0
July,Keston,Raspberry,16,0,0,0,0,0,0,0,0,0
July,Keston,Rbean,40,0,0,0,0,0,0,0,0,0
July,Keston,Tomato,10,0,0,0,0,0,0,0,0,0
June,Keston,Courgette,4,0,0,0,0,0,0,0,0,0
June,Keston,Raspberry,40,0,1,0,0,0,1,0,0,0
June,Keston,Squash,1,0,0,0,0,0,0,0,0,0
June,Keston,Strawberry,8,0,0,0,0,0,0,0,0,0
June,Keston,Tomato,30,0,0,0,0,0,0,0,0,0
May,Keston,Apple,20,0,0,0,0,0,0,0,0,0
May,Keston,Apple,20,0,0,0,0,0,0,0,0,0
May,Keston,Blackberry,30,2,0,0,0,0,0,0,0,0
May,Keston,Strawberry,10,0,0,0,0,0,0,0,0,0
May,Keston,Strawberry,32,0,0,1,0,0,0,0,0,0
May,Keston,Strawberry,24,0,0,0,0,0,0,0,0,0
May,Keston,Strawberry,36,0,0,0,0,0,0,0,0,0
May,Keston,Strawberry,125,0,0,0,0,0,0,0,0,0
September,Keston,Courgette,4,1,0,0,0,0,0,0,0,0
September,Keston,Raspberry,10,0,0,0,0,0,0,0,0,0
September,Keston,Raspberry,30,1,0,0,0,0,0,0,0,0
September,Keston,Squash,3,2,0,1,0,0,0,0,0,0
September,Keston,Squash,7,0,0,0,0,0,0,0,0,0
September,Keston,Strawberry,4,0,0,0,0,0,0,0,0,0
September,Keston,Strawberry,30,0,0,0,0,0,0,0,0,0
September,Keston,Strawberry,15,0,1,0,0,0,1,0,0,0
August,Keston,Rbean,50,0,0,0,0,0,0,0,0,0
September,Keston,Rbean,30,0,0,0,0,0,0,0,0,0
August,Keston,Courgette,4,0,0,0,0,0,0,0,0,0
August,Keston,Raspberry,300,0,0,0,0,0,0,0,0,0
August,Keston,Tomato,20,1,0,0,0,0,0,0,0,0
July,Keston,Courgette,4,0,0,0,0,0,0,0,0,0
July,Keston,Raspberry,80,0,2,0,1,0,1,0,0,0
July,Keston,Rbean,300,0,1,0,0,0,1,0,0,0
July,Keston,Tomato,10,0,0,0,0,0,0,0,0,0
June,Keston,Bbean,42,0,0,0,0,0,0,0,0,0
June,Keston,Raspberry,500,0,1,0,0,0,0,0,1,0
June,Keston,Rbean,60,0,0,0,0,0,0,0,0,0
June,Keston,Tomato,9,0,0,0,0,0,0,0,0,0
June,Keston,Tomato,15,0,0,0,0,0,0,0,0,0
May,Keston,Blueberry,50,0,0,0,0,0,0,0,0,0
May,Keston,Bbean,160,0,0,0,0,0,0,0,0,0
May,Keston,Raspberry,350,7,4,0,1,1,0,0,2,0
May,Keston,Tomato,2,0,0,0,0,0,0,0,0,0
September,Keston,Courgette,3,1,0,0,0,0,0,0,0,0
September,Keston,Raspberry,200,1,0,0,0,0,0,0,0,0
September,Keston,Raspberry,600,4,1,0,0,0,1,0,0,0
September,Keston,Rbean,9,2,0,0,0,0,0,0,0,0
May,Keston,Bbean,35,0,0,0,0,0,0,0,0,0
April,Keston,Pear,20,0,0,0,0,0,0,0,0,0
April,Keston,Blueberry,100,0,0,0,0,0,0,0,0,0
April,Keston,Bbean,350,0,0,0,0,0,0,0,0,0
April,Keston,Apple,500,0,0,1,0,0,0,0,0,0
April,Keston,Blueberry,1000,0,0,0,0,0,0,0,0,0
April,Keston,Cherry,1000,0,0,0,0,0,0,0,0,0
May,Keston,Bbean,80,0,0,0,0,0,0,0,0,0
May,Keston,Raspberry,168,3,1,0,0,0,0,1,0,0
April,Keston,Apple,20,0,0,0,0,0,0,0,0,0
June,Keston,Rbean,50,0,0,0,0,0,0,0,0,0
April,Keston,Currant,300,0,0,0,0,0,0,0,0,0
July,Keston,Courgette,7,1,1,0,1,0,0,0,0,0
July,Keston,Cucumber,16,0,0,0,0,0,0,0,0,0
July,Keston,Squash,9,0,0,0,0,0,0,0,0,0
July,Keston,Squash,44,0,0,1,0,0,0,0,0,0
June,Keston,Courgette,4,0,0,0,0,0,0,0,0,0
June,Keston,Cucumber,20,0,0,0,0,0,0,0,0,0
June,Keston,Rbean,84,0,0,0,0,0,0,0,0,0
June,Keston,Squash,9,0,0,0,0,0,0,0,0,0
May,Keston,Strawberry,33,0,0,0,0,0,0,0,0,0
May,Keston,Raspberry,1000,15,7,0,1,4,2,0,0,0
May,Keston,Bbean,160,0,0,0,0,0,0,0,0,0
August,Moulsecoomb,Rbean,200,0,0,0,0,0,0,0,0,0
August,Moulsecoomb,Rbean,400,0,0,0,0,0,0,0,0,0
August,Moulsecoomb,Courgette,12,0,0,0,0,0,0,0,0,0
August,Moulsecoomb,Courgette,3,0,0,0,0,0,0,0,0,0
August,Moulsecoomb,Cucumber,1,0,0,0,0,0,0,0,0,0
August,Moulsecoomb,Raspberry,20,0,1,0,0,0,1,0,0,0
August,Moulsecoomb,Raspberry,150,0,1,0,0,0,1,0,0,0
August,Moulsecoomb,Raspberry,203,0,0,0,0,0,0,0,0,0
August,Moulsecoomb,Raspberry,225,0,2,0,0,0,2,0,0,0
August,Moulsecoomb,Raspberry,25,0,2,0,0,0,2,0,0,0
August,Moulsecoomb,Raspberry,225,0,4,0,0,1,3,0,0,0
August,Moulsecoomb,Rbean,30,0,0,0,0,0,0,0,0,0
August,Moulsecoomb,Rbean,160,1,0,0,0,0,0,0,0,0
August,Moulsecoomb,Squash,2,0,0,0,0,0,0,0,0,0
August,Moulsecoomb,Squash,9,1,0,0,0,0,0,0,0,0
August,Moulsecoomb,Tomato,15,0,0,0,0,0,0,0,0,0
July,Moulsecoomb,Blackberry,17,0,0,1,0,0,0,0,0,0
July,Moulsecoomb,Courgette,6,0,0,0,0,0,0,0,0,0
July,Moulsecoomb,Cucumber,3,0,1,0,0,0,1,0,0,0
July,Moulsecoomb,Raspberry,20,1,1,0,0,0,1,0,0,0
July,Moulsecoomb,Raspberry,30,0,2,0,1,1,0,0,0,0
July,Moulsecoomb,Raspberry,150,0,6,0,0,0,4,2,0,0
July,Moulsecoomb,Raspberry,225,4,10,0,1,0,7,2,0,0
July,Moulsecoomb,Raspberry,200,2,2,0,1,0,1,0,0,0
July,Moulsecoomb,Raspberry,200,1,6,0,0,0,4,2,0,0
July,Moulsecoomb,Rbean,46,0,0,0,0,0,0,0,0,0
July,Moulsecoomb,Rbean,240,0,1,0,0,0,1,0,0,0
July,Moulsecoomb,Rbean,410,1,2,0,0,0,2,0,0,0
July,Moulsecoomb,Rbean,48,1,0,0,0,0,0,0,0,0
July,Moulsecoomb,Rbean,270,0,0,0,0,0,0,0,0,0
July,Moulsecoomb,Squash,6,0,0,0,0,0,0,0,0,0
July,Moulsecoomb,Squash,10,1,1,0,0,0,1,0,0,0
July,Moulsecoomb,Squash,13,2,2,1,2,0,0,0,0,0
July,Moulsecoomb,Squash,3,0,0,0,0,0,0,0,0,0
June,Moulsecoomb,Blackberry,200,1,5,0,5,0,0,0,0,0
June,Moulsecoomb,Blackberry,200,3,6,0,4,0,2,0,0,0
June,Moulsecoomb,Bbean,40,0,0,0,0,0,0,0,0,0
June,Moulsecoomb,Raspberry,50,0,1,0,0,0,1,0,0,0
June,Moulsecoomb,Raspberry,75,0,3,0,0,0,1,2,0,0
June,Moulsecoomb,Rbean,165,0,0,0,0,0,0,0,0,0
June,Moulsecoomb,Strawberry,5,0,0,0,0,0,0,0,0,0
June,Moulsecoomb,Tomato,120,0,0,0,0,0,0,0,0,0
June,Moulsecoomb,Tomato,9,0,0,0,0,0,0,0,0,0
May,Moulsecoomb,Bbean,119,0,0,2,0,0,0,0,0,0
May,Moulsecoomb,Strawberry,96,0,0,0,0,0,0,0,0,0
May,Moulsecoomb,Tomato,90,0,0,0,0,0,0,0,0,0
April,Moulsecoomb,Blueberry,20,0,0,0,0,0,0,0,0,0
April,Moulsecoomb,Bbean,24,0,0,0,0,0,0,0,0,0
April,Moulsecoomb,Bbean,92,0,0,0,0,0,0,0,0,0
April,Moulsecoomb,Cherry,50,0,1,4,1,0,0,0,0,0
April,Moulsecoomb,Cherry,80,0,0,0,0,0,0,0,0,0
April,Moulsecoomb,Cherry,1000,0,0,0,0,0,0,0,0,0
April,Moulsecoomb,Cherry,1000,0,0,0,0,0,0,0,0,0
April,Moulsecoomb,Currant,500,0,0,3,0,0,0,0,0,0
April,Moulsecoomb,Currant,1200,0,0,0,0,0,0,0,0,0
April,Moulsecoomb,Gooseberry,100,0,0,0,0,0,0,0,0,0
April,Moulsecoomb,Gooseberry,200,0,3,0,0,0,0,3,0,0
April,Moulsecoomb,Gooseberry,800,0,0,0,0,0,0,0,0,0
April,Moulsecoomb,Strawberry,8,0,0,0,0,0,0,0,0,0
August,Moulsecoomb,Courgette,8,3,0,0,0,0,0,0,0,0
August,Moulsecoomb,Courgette,2,1,0,0,0,0,0,0,0,0
August,Moulsecoomb,Courgette,12,0,1,1,1,0,0,0,0,0
August,Moulsecoomb,Raspberry,60,0,1,0,0,0,1,0,0,0
August,Moulsecoomb,Raspberry,80,0,0,0,0,0,0,0,0,0
August,Moulsecoomb,Raspberry,6,0,0,0,0,0,0,0,0,0
August,Moulsecoomb,Raspberry,100,0,3,0,0,0,3,0,0,0
August,Moulsecoomb,Raspberry,400,0,1,0,0,0,1,0,0,0
August,Moulsecoomb,Rbean,50,0,0,0,0,0,0,0,0,0
August,Moulsecoomb,Rbean,200,0,0,0,0,0,0,0,0,0
August,Moulsecoomb,Squash,4,0,0,0,0,0,0,0,0,0
August,Moulsecoomb,Squash,24,0,0,0,0,0,0,0,0,0
August,Moulsecoomb,Squash,5,0,0,0,0,0,0,0,0,0
August,Moulsecoomb,Squash,12,0,0,0,0,0,0,0,0,0
August,Moulsecoomb,Squash,35,0,0,0,0,0,0,0,0,0
August,Moulsecoomb,Squash,48,1,0,0,0,0,0,0,0,0
June,Moulsecoomb,Cucumber,10,0,0,0,0,0,0,0,0,0
June,Moulsecoomb,Pepper,16,0,0,0,0,0,0,0,0,0
June,Moulsecoomb,Raspberry,200,0,0,0,0,0,0,0,0,0
June,Moulsecoomb,Rbean,231,0,1,0,0,0,1,0,0,0
June,Moulsecoomb,Tomato,80,0,0,0,0,0,0,0,0,0
June,Moulsecoomb,Tomato,126,0,0,0,0,0,0,0,0,0
May,Moulsecoomb,Apple,750,3,1,0,0,0,1,0,0,0
May,Moulsecoomb,Apple,1000,4,0,0,0,0,0,0,0,0
May,Moulsecoomb,Blackberry,40,2,1,0,0,0,1,0,0,0
May,Moulsecoomb,Blueberry,100,0,0,0,0,0,0,0,0,0
May,Moulsecoomb,Blueberry,50,0,0,0,0,0,0,0,0,0
May,Moulsecoomb,Bbean,140,0,0,0,0,0,0,0,0,0
May,Moulsecoomb,Bbean,180,0,0,0,0,0,0,0,0,0
May,Moulsecoomb,Bbean,300,0,2,0,0,0,2,0,0,0
May,Moulsecoomb,Bbean,75,0,0,0,0,0,0,0,0,0
May,Moulsecoomb,Cucumber,2,0,0,0,0,0,0,0,0,0
May,Moulsecoomb,Currant,900,0,0,0,0,0,0,0,0,0
May,Moulsecoomb,Currant,1300,0,0,0,0,0,0,0,0,0
May,Moulsecoomb,Gooseberry,200,0,0,0,0,0,0,0,0,0
May,Moulsecoomb,Pear,500,0,0,0,0,0,0,0,0,0
May,Moulsecoomb,Raspberry,24,0,0,0,0,0,0,0,0,0
May,Moulsecoomb,Tomato,50,0,0,0,0,0,0,0,0,0
September,Moulsecoomb,Courgette,3,0,0,0,0,0,0,0,0,0
September,Moulsecoomb,Raspberry,80,0,0,0,0,0,0,0,0,0
September,Moulsecoomb,Raspberry,400,0,0,0,0,0,0,0,0,0
September,Moulsecoomb,Rbean,25,0,0,0,0,0,0,0,0,0
September,Moulsecoomb,Squash,30,0,0,2,0,0,0,0,0,0
July,Moulsecoomb_Est,Courgette,1,0,0,0,0,0,0,0,0,0
July,Moulsecoomb_Est,Cucumber,15,0,0,0,0,0,0,0,0,0
July,Moulsecoomb_Est,Cucumber,2,0,0,0,0,0,0,0,0,0
July,Moulsecoomb_Est,Pepper,5,0,0,0,0,0,0,0,0,0
July,Moulsecoomb_Est,Pepper,6,0,0,0,0,0,0,0,0,0
July,Moulsecoomb_Est,Rbean,25,0,0,0,0,0,0,0,0,0
July,Moulsecoomb_Est,Strawberry,3,0,0,0,0,0,0,0,0,0
July,Moulsecoomb_Est,Tomato,15,0,0,0,0,0,0,0,0,0
April,Racehill,Cherry,6,1,0,0,0,0,0,0,0,0
April,Racehill,Cherry,30,0,0,0,0,0,0,0,0,0
April,Racehill,Cherry,100,0,0,0,0,0,0,0,0,0
April,Racehill,Cherry,200,0,0,0,0,0,0,0,0,0
April,Racehill,Cherry,200,0,0,0,0,0,0,0,0,0
April,Racehill,Currant,1000,0,2,0,2,0,0,0,0,0
April,Racehill,Gooseberry,100,1,1,0,0,0,0,1,0,0
April,Racehill,Gooseberry,100,0,2,0,1,0,1,0,0,0
April,Racehill,Plum,50,0,0,0,0,0,0,0,0,0
April,Racehill,Plum,50,0,0,0,0,0,0,0,0,0
April,Racehill,Plum,60,0,0,0,0,0,0,0,0,0
April,Racehill,Plum,60,0,0,0,0,0,0,0,0,0
April,Racehill,Plum,60,0,0,0,0,0,0,0,0,0
April,Racehill,Plum,75,0,0,0,0,0,0,0,0,0
April,Racehill,Plum,90,0,0,0,0,0,0,0,0,0
April,Racehill,Plum,100,0,0,0,0,0,0,0,0,0
May,Racehill,Apple,10,0,0,0,0,0,0,0,0,0
May,Racehill,Apple,10,0,0,0,0,0,0,0,0,0
May,Racehill,Apple,20,0,0,0,0,0,0,0,0,0
May,Racehill,Apple,30,0,0,0,0,0,0,0,0,0
May,Racehill,Apple,50,0,0,0,0,0,0,0,0,0
May,Racehill,Apple,80,0,0,0,0,0,0,0,0,0
May,Racehill,Apple,120,0,0,0,0,0,0,0,0,0
May,Racehill,Apple,140,0,0,0,0,0,0,0,0,0
May,Racehill,Apple,180,0,0,1,0,0,0,0,0,0
May,Racehill,Apple,200,0,0,0,0,0,0,0,0,0
May,Racehill,Apple,225,1,0,0,0,0,0,0,0,0
May,Racehill,Apple,300,0,0,0,0,0,0,0,0,0
May,Racehill,Apple,300,0,1,0,0,0,1,0,0,0
May,Racehill,Apple,360,1,0,1,0,0,0,0,0,0
May,Racehill,Apple,500,2,0,0,0,0,0,0,0,0
May,Racehill,Apple,540,1,0,0,0,0,0,0,0,0
May,Racehill,Apple,750,1,0,1,0,0,0,0,0,0
May,Racehill,Apple,1000,2,1,0,0,0,1,0,0,0
May,Racehill,Cherry,1000,0,0,0,0,0,0,0,0,0
May,Racehill,Currant,100,0,0,0,0,0,0,0,0,0
August,Roedale,Squash,1,0,0,0,0,0,0,0,0,0
August,Roedale,Squash,6,1,0,0,0,0,0,0,0,0
July,Roedale,Squash,1,0,0,0,0,0,0,0,0,0
July,Roedale,Squash,1,0,0,0,0,0,0,0,0,0
June,Roedale,Bbean,25,0,1,0,1,0,0,0,0,0
May,Roedale,Apple,30,0,0,0,0,0,0,0,0,0
May,Roedale,Apple,50,0,1,0,1,0,0,0,0,0
May,Roedale,Apple,300,0,0,0,0,0,0,0,0,0
May,Roedale,Bbean,75,0,0,0,0,0,0,0,0,0
May,Roedale,Bbean,75,0,0,0,0,0,0,0,0,0
May,Roedale,Raspberry,24,1,0,0,0,0,0,0,0,0
May,Roedale,Raspberry,32,1,0,0,0,0,0,0,0,0
September,Roedale,Squash,3,1,0,0,0,0,0,0,0,0
August,Roedale,Rbean,60,0,0,0,0,0,0,0,0,0
August,Roedale,Rbean,120,0,0,0,0,0,0,0,0,0
August,Roedale,Courgette,1,0,0,0,0,0,0,0,0,0
August,Roedale,Courgette,2,0,0,0,0,0,0,0,0,0
August,Roedale,Cucumber,2,0,0,0,0,0,0,0,0,0
June,Roedale,Raspberry,120,0,2,0,0,0,0,1,1,0
September,Roedale,Courgette,1,0,0,0,0,0,0,0,0,0
September,Roedale,Rbean,10,0,0,0,0,0,0,0,0,0
August,Roedale,Rbean,20,0,0,0,0,0,0,0,0,0
August,Roedale,Courgette,2,0,0,0,0,0,0,0,0,0
August,Roedale,Courgette,2,0,0,0,0,0,0,0,0,0
August,Roedale,Raspberry,20,0,0,0,0,0,0,0,0,0
August,Roedale,Raspberry,75,0,2,0,0,0,2,0,0,0
August,Roedale,Raspberry,45,0,2,0,0,0,1,1,0,0
August,Roedale,Rbean,60,0,0,0,0,0,0,0,0,0
August,Roedale,Squash,12,7,0,0,0,0,0,0,0,0
August,Roedale,Squash,4,0,0,1,0,0,0,0,0,0
August,Roedale,Squash,15,1,0,0,0,0,0,0,0,0
July,Roedale,Courgette,6,0,0,0,0,0,0,0,0,0
July,Roedale,Courgette,12,0,0,0,0,0,0,0,0,0
July,Roedale,Raspberry,150,0,2,0,0,0,2,0,0,0
July,Roedale,Raspberry,100,0,2,0,0,0,2,0,0,0
July,Roedale,Raspberry,20,0,1,0,0,0,1,0,0,0
July,Roedale,Squash,7,0,1,0,1,0,0,0,0,0
July,Roedale,Squash,25,1,0,0,0,0,0,0,0,0
July,Roedale,Squash,2,0,0,0,0,0,0,0,0,0
April,Roedale,Cherry,10,0,0,0,0,0,0,0,0,0
April,Roedale,Currant,100,0,0,0,0,0,0,0,0,0
April,Roedale,Currant,300,0,0,0,0,0,0,0,0,0
April,Roedale,Plum,100,0,0,0,0,0,0,0,0,0
August,Roedale,Courgette,2,0,0,0,0,0,0,0,0,0
August,Roedale,Courgette,6,0,1,0,1,0,0,0,0,0
August,Roedale,Raspberry,20,0,1,0,0,0,1,0,0,0
August,Roedale,Rbean,10,0,0,0,0,0,0,0,0,0
August,Roedale,Squash,5,0,0,0,0,0,0,0,0,0
August,Roedale,Squash,3,0,0,0,0,0,0,0,0,0
July,Roedale,Rbean,40,0,0,0,0,0,0,0,0,0
June,Roedale,Bbean,40,0,0,0,0,0,0,0,0,0
June,Roedale,Raspberry,13,0,0,0,0,0,0,0,0,0
June,Roedale,Strawberry,16,0,0,0,0,0,0,0,0,0
May,Roedale,Apple,300,0,2,0,1,0,1,0,0,0
May,Roedale,Cherry,50,0,0,0,0,0,0,0,0,0
May,Roedale,Currant,300,0,0,0,0,0,0,0,0,0
May,Roedale,Gooseberry,200,0,0,0,0,0,0,0,0,0
May,Roedale,Raspberry,6,0,1,0,0,0,1,0,0,0
May,Roedale,Strawberry,90,0,0,0,0,0,0,0,0,0
May,Roedale,Strawberry,60,0,0,0,0,0,0,0,0,0
September,Roedale,Raspberry,80,0,2,0,0,0,2,0,0,0
September,Roedale,Rbean,20,0,0,0,0,0,0,0,0,0
May,Roedale,Apple,100,0,0,0,0,0,0,0,0,0
May,Roedale,Strawberry,30,0,0,0,0,0,0,0,0,0
May,Roedale,Strawberry,210,0,0,0,0,0,0,0,0,0
August,Roedale,Courgette,1,0,0,0,0,0,0,0,0,0
August,Roedale,Rbean,25,0,1,0,0,0,1,0,0,0
August,Roedale,Rbean,50,0,0,0,0,0,0,0,0,0
August,Roedale,Squash,1,0,0,0,0,0,0,0,0,0
July,Roedale,Courgette,9,0,0,0,0,0,0,0,0,0
July,Roedale,Rbean,20,0,0,0,0,0,0,0,0,0
July,Roedale,Squash,1,0,0,0,0,0,0,0,0,0
May,Roedale,Strawberry,9,0,0,0,0,0,0,0,0,0
September,Roedale,Rbean,60,0,0,0,0,0,0,0,0,0
August,Roedale,Courgette,4,0,0,0,0,0,0,0,0,0
August,Roedale,Raspberry,30,0,2,0,0,0,2,0,0,0
July,Roedale,Courgette,2,0,0,0,0,0,0,0,0,0
July,Roedale,Cucumber,10,0,0,0,0,0,0,0,0,0
July,Roedale,Cucumber,15,0,0,0,0,0,0,0,0,0
July,Roedale,Raspberry,20,0,1,0,0,0,1,0,0,0
July,Roedale,Rbean,24,0,0,0,0,0,0,0,0,0
July,Roedale,Squash,1,0,0,0,0,0,0,0,0,0
July,Roedale,Squash,2,0,0,0,0,0,0,0,0,0
July,Roedale,Tomato,35,0,0,0,0,0,0,0,0,0
June,Roedale,Bbean,56,0,0,0,0,0,0,0,0,0
June,Roedale,Raspberry,20,0,0,0,0,0,0,0,0,0
June,Roedale,Raspberry,20,0,0,0,0,0,0,0,0,0
June,Roedale,Squash,1,0,0,0,0,0,0,0,0,0
June,Roedale,Strawberry,42,0,0,0,0,0,0,0,0,0
June,Roedale,Strawberry,10,0,0,0,0,0,0,0,0,0
June,Roedale,Strawberry,60,0,0,0,0,0,0,0,0,0
June,Roedale,Tomato,200,0,1,0,0,0,1,0,0,0
September,Roedale,Courgette,1,0,0,0,0,0,0,0,0,0
September,Roedale,Cucumber,6,0,0,0,0,0,0,0,0,0
September,Roedale,Raspberry,150,1,1,0,0,0,1,0,0,0
August,Roedale,Blackberry,30,4,1,0,0,0,1,0,0,0
August,Roedale,Blackberry,40,3,0,0,0,0,0,0,0,0
August,Roedale,Blackberry,20,2,0,0,0,0,0,0,0,0
August,Roedale,Courgette,1,0,0,0,0,0,0,0,0,0
August,Roedale,Courgette,2,0,0,0,0,0,0,0,0,0
August,Roedale,Courgette,1,0,0,0,0,0,0,0,0,0
August,Roedale,Courgette,1,0,0,0,0,0,0,0,0,0
August,Roedale,Raspberry,60,3,1,0,0,0,1,0,0,0
August,Roedale,Raspberry,200,0,2,0,0,0,2,0,0,0
August,Roedale,Raspberry,90,3,4,0,0,0,4,0,0,0
August,Roedale,Rbean,6,0,2,0,0,0,2,0,0,0
August,Roedale,Rbean,10,0,0,0,0,0,0,0,0,0
August,Roedale,Rbean,8,0,0,0,0,0,0,0,0,0
August,Roedale,Rbean,20,0,1,0,1,0,0,0,0,0
August,Roedale,Rbean,20,0,0,0,0,0,0,0,0,0
August,Roedale,Rbean,120,1,2,0,1,0,1,0,0,0
August,Roedale,Rbean,15,0,0,0,0,0,0,0,0,0
August,Roedale,Rbean,50,0,1,0,1,0,0,0,0,0
August,Roedale,Rbean,100,0,1,0,0,0,1,0,0,0
August,Roedale,Squash,1,0,0,0,0,0,0,0,0,0
August,Roedale,Squash,1,0,0,0,0,0,0,0,0,0
August,Roedale,Squash,1,0,0,0,0,0,0,0,0,0
August,Roedale,Squash,3,0,0,0,0,0,0,0,0,0
August,Roedale,Squash,4,0,0,0,0,0,0,0,0,0
August,Roedale,Squash,4,0,0,0,0,0,0,0,0,0
July,Roedale,Blackberry,10,0,1,0,0,0,1,0,0,0
July,Roedale,Blackberry,50,2,1,0,1,0,0,0,0,0
July,Roedale,Courgette,1,0,0,0,0,0,0,0,0,0
July,Roedale,Courgette,2,0,0,0,0,0,0,0,0,0
July,Roedale,Courgette,3,0,0,0,0,0,0,0,0,0
July,Roedale,Courgette,1,0,0,0,0,0,0,0,0,0
July,Roedale,Cucumber,10,0,0,0,0,0,0,0,0,0
July,Roedale,Squash,3,0,0,0,0,0,0,0,0,0
July,Roedale,Squash,10,0,0,0,0,0,0,0,0,0
July,Roedale,Raspberry,75,0,0,0,0,0,0,0,0,0
July,Roedale,Raspberry,24,0,0,0,0,0,0,0,0,0
July,Roedale,Rbean,24,0,0,0,0,0,0,0,0,0
July,Roedale,Rbean,60,0,0,0,0,0,0,0,0,0
July,Roedale,Rbean,150,0,1,0,0,0,1,0,0,0
July,Roedale,Rbean,9,0,0,0,0,0,0,0,0,0
July,Roedale,Rbean,13,0,0,0,0,0,0,0,0,0
July,Roedale,Rbean,20,0,0,0,0,0,0,0,0,0
July,Roedale,Rbean,80,0,0,0,0,0,0,0,0,0
July,Roedale,Rbean,40,0,0,0,0,0,0,0,0,0
July,Roedale,Rbean,54,0,0,0,0,0,0,0,0,0
July,Roedale,Squash,2,0,0,0,0,0,0,0,0,0
July,Roedale,Squash,4,0,0,0,0,0,0,0,0,0
July,Roedale,Squash,4,0,0,0,0,0,0,0,0,0
July,Roedale,Squash,1,0,1,0,1,0,0,0,0,0
July,Roedale,Squash,6,3,1,0,1,0,0,0,0,0
July,Roedale,Squash,7,0,1,0,1,0,0,0,0,0
July,Roedale,Squash,2,0,0,0,0,0,0,0,0,0
July,Roedale,Tomato,7,0,0,0,0,0,0,0,0,0
July,Roedale,Tomato,6,0,0,0,0,0,0,0,0,0
July,Roedale,Tomato,4,0,0,0,0,0,0,0,0,0
June,Roedale,Blackberry,50,1,0,0,0,0,0,0,0,0
June,Roedale,Blackberry,500,10,0,0,0,0,0,0,0,0
June,Roedale,Blackberry,150,0,5,0,3,0,0,2,0,0
June,Roedale,Bbean,600,0,2,0,2,0,0,0,0,0
June,Roedale,Courgette,1,0,0,0,0,0,0,0,0,0
June,Roedale,Cucumber,8,0,0,0,0,0,0,0,0,0
June,Roedale,Raspberry,300,1,3,0,0,0,1,2,0,0
June,Roedale,Raspberry,300,0,1,0,0,0,1,0,0,0
June,Roedale,Rbean,10,0,0,0,0,0,0,0,0,0
June,Roedale,Rbean,12,0,0,0,0,0,0,0,0,0
June,Roedale,Rbean,21,0,0,0,0,0,0,0,0,0
June,Roedale,Squash,2,0,0,0,0,0,0,0,0,0
June,Roedale,Squash,2,0,0,0,0,0,0,0,0,0
June,Roedale,Strawberry,3,0,0,0,0,0,0,0,0,0
May,Roedale,Raspberry,800,0,13,0,0,0,0,13,0,0
April,Roedale,Gooseberry,200,0,0,0,0,0,0,0,0,0
April,Roedale,Plum,200,0,1,0,1,0,0,0,0,0
August,Roedale,Courgette,5,0,0,0,0,0,0,0,0,0
August,Roedale,Raspberry,60,0,2,0,0,0,2,0,0,0
August,Roedale,Rbean,20,0,1,0,0,0,1,0,0,0
July,Roedale,Courgette,3,0,0,0,0,0,0,0,0,0
July,Roedale,Cucumber,2,0,0,0,0,0,0,0,0,0
July,Roedale,Cucumber,16,0,1,0,0,0,1,0,0,0
July,Roedale,Rbean,42,0,0,0,0,0,0,0,0,0
July,Roedale,Rbean,168,0,0,0,0,0,0,0,0,0
June,Roedale,Bbean,230,0,0,0,0,0,0,0,0,0
June,Roedale,Raspberry,60,0,1,0,0,0,0,1,0,0
June,Roedale,Raspberry,200,0,4,0,0,0,4,0,0,0
June,Roedale,Rbean,75,0,0,0,0,0,0,0,0,0
June,Roedale,Rbean,75,0,0,0,0,0,0,0,0,0
June,Roedale,Strawberry,3,0,0,0,0,0,0,0,0,0
May,Roedale,Apple,10,0,0,0,0,0,0,0,0,0
May,Roedale,Apple,200,0,0,0,0,0,0,0,0,0
May,Roedale,Apple,5,0,0,0,0,0,0,0,0,0
May,Roedale,Apple,20,0,0,0,0,0,0,0,0,0
May,Roedale,Apple,200,0,0,0,0,0,0,0,0,0
May,Roedale,Blueberry,50,0,0,0,0,0,0,0,0,0
May,Roedale,Blueberry,50,0,0,0,0,0,0,0,0,0
May,Roedale,Blueberry,50,0,0,0,0,0,0,0,0,0
May,Roedale,Currant,300,0,0,0,0,0,0,0,0,0
May,Roedale,Currant,600,0,1,1,1,0,0,0,0,0
May,Roedale,Gooseberry,100,0,0,0,0,0,0,0,0,0
May,Roedale,Raspberry,4,0,0,0,0,0,0,0,0,0
May,Roedale,Strawberry,375,0,0,0,0,0,0,0,0,0
May,Roedale,Strawberry,200,0,0,0,0,0,0,0,0,0
May,Roedale,Strawberry,55,0,0,0,0,0,0,0,0,0
September,Roedale,Courgette,2,0,0,0,0,0,0,0,0,0
April,Roedale,Cherry,200,0,0,0,0,0,0,0,0,0
April,Roedale,Currant,100,0,0,0,0,0,0,0,0,0
April,Roedale,Gooseberry,100,0,0,0,0,0,0,0,0,0
April,Roedale,Gooseberry,300,0,1,0,0,0,0,1,0,0
April,Roedale,Gooseberry,100,0,2,0,1,0,0,1,0,0
August,Roedale,Courgette,4,0,2,0,0,0,2,0,0,0
August,Roedale,Raspberry,60,0,0,0,0,0,0,0,0,0
August,Roedale,Rbean,20,0,0,0,0,0,0,0,0,0
July,Roedale,Raspberry,25,0,1,0,0,0,1,0,0,0
July,Roedale,Rbean,60,0,0,0,0,0,0,0,0,0
June,Roedale,Blackberry,800,2,3,0,2,0,1,0,0,0
June,Roedale,Blackberry,800,2,3,0,2,0,1,0,0,0
June,Roedale,Blackberry,30,0,1,0,0,0,0,1,0,0
June,Roedale,Bbean,5,0,0,0,0,0,0,0,0,0
June,Roedale,Bbean,8,0,0,0,0,0,0,0,0,0
June,Roedale,Bbean,9,0,0,0,0,0,0,0,0,0
June,Roedale,Raspberry,10,0,1,0,0,0,1,0,0,0
June,Roedale,Raspberry,15,0,0,0,0,0,0,0,0,0
June,Roedale,Raspberry,30,0,0,0,0,0,0,0,0,0
June,Roedale,Strawberry,4,0,0,0,0,0,0,0,0,0
June,Roedale,Strawberry,4,0,0,0,0,0,0,0,0,0
June,Roedale,Strawberry,9,0,0,0,0,0,0,0,0,0
June,Roedale,Strawberry,18,0,0,0,0,0,0,0,0,0
May,Roedale,Apple,30,0,0,0,0,0,0,0,0,0
May,Roedale,Apple,7,0,0,0,0,0,0,0,0,0
May,Roedale,Currant,100,0,0,0,0,0,0,0,0,0
May,Roedale,Currant,100,0,0,0,0,0,0,0,0,0
May,Roedale,Currant,100,0,0,0,0,0,0,0,0,0
May,Roedale,Currant,100,0,0,0,0,0,0,0,0,0
May,Roedale,Gooseberry,100,0,0,0,0,0,0,0,0,0
May,Roedale,Gooseberry,100,0,0,0,0,0,0,0,0,0
May,Roedale,Raspberry,4,0,0,0,0,0,0,0,0,0
May,Roedale,Strawberry,2,0,0,0,0,0,0,0,0,0
May,Roedale,Strawberry,3,0,0,0,0,0,0,0,0,0
May,Roedale,Strawberry,20,0,0,0,0,0,0,0,0,0
May,Roedale,Strawberry,15,0,0,0,0,0,0,0,0,0
September,Roedale,Courgette,1,0,0,0,0,0,0,0,0,0
September,Roedale,Raspberry,300,1,7,0,0,0,7,0,0,0
August,Roedale,Rbean,30,0,0,0,0,0,0,0,0,0
August,Roedale,Courgette,1,0,0,0,0,0,0,0,0,0
August,Roedale,Courgette,4,1,0,0,0,0,0,0,0,0
August,Roedale,Raspberry,120,0,0,0,0,0,0,0,0,0
August,Roedale,Raspberry,150,0,1,0,0,0,1,0,0,0
August,Roedale,Squash,1,0,0,0,0,0,0,0,0,0
August,Roedale,Squash,3,0,0,0,0,0,0,0,0,0
July,Roedale,Courgette,6,0,0,0,0,0,0,0,0,0
June,Roedale,Blackberry,150,2,1,2,0,0,1,0,0,0
June,Roedale,Blackberry,9,0,0,0,0,0,0,0,0,0
June,Roedale,Raspberry,90,0,0,0,0,0,0,0,0,0
June,Roedale,Raspberry,4,0,0,0,0,0,0,0,0,0
May,Roedale,Strawberry,75,0,0,0,0,0,0,0,0,0
September,Roedale,Courgette,3,0,0,0,0,0,0,0,0,0
September,Roedale,Raspberry,150,2,5,0,0,0,5,0,0,0
September,Roedale,Squash,1,0,0,0,0,0,0,0,0,0
September,Roedale,Strawberry,12,0,0,0,0,0,0,0,0,0
August,Roedale,Rbean,12,0,1,0,0,0,1,0,0,0
August,Roedale,Courgette,1,0,0,0,0,0,0,0,0,0
August,Roedale,Courgette,2,0,0,0,0,0,0,0,0,0
August,Roedale,Raspberry,30,0,0,0,0,0,0,0,0,0
August,Roedale,Raspberry,100,1,3,0,0,0,3,0,0,0
August,Roedale,Raspberry,10,0,0,0,0,0,0,0,0,0
August,Roedale,Squash,1,0,0,0,0,0,0,0,0,0
August,Roedale,Squash,1,0,1,0,1,0,0,0,0,0
July,Roedale,Courgette,2,0,0,0,0,0,0,0,0,0
July,Roedale,Courgette,1,0,0,0,0,0,0,0,0,0
July,Roedale,Raspberry,60,0,0,0,0,0,0,0,0,0
July,Roedale,Raspberry,5,0,0,0,0,0,0,0,0,0
July,Roedale,Rbean,8,0,0,0,0,0,0,0,0,0
July,Roedale,Squash,1,0,0,0,0,0,0,0,0,0
July,Roedale,Squash,3,0,1,0,1,0,0,0,0,0
July,Roedale,Squash,2,1,0,0,0,0,0,0,0,0
June,Roedale,Blackberry,200,4,0,0,0,0,0,0,0,0
June,Roedale,Bbean,250,0,0,0,0,0,0,0,0,0
May,Roedale,Bbean,200,0,0,0,0,0,0,0,0,0
May,Roedale,Raspberry,100,0,3,0,0,0,0,3,0,0
May,Roedale,Strawberry,4,0,0,0,0,0,0,0,0,0
May,Roedale,Strawberry,24,0,0,0,0,0,0,0,0,0
May,Roedale,Strawberry,30,0,0,0,0,0,0,0,0,0
April,Roedale,Cherry,50,1,0,1,0,0,0,0,0,0
April,Roedale,Cherry,50,0,1,2,1,0,0,0,0,0
April,Roedale,Gooseberry,300,1,0,0,0,0,0,0,0,0
August,Roedale,Rbean,25,0,1,0,0,0,0,0,0,1
August,Roedale,Squash,4,0,0,0,0,0,0,0,0,0
August,Roedale,Squash,1,0,0,0,0,0,0,0,0,0
August,Roedale,Squash,3,2,0,0,0,0,0,0,0,0
August,Roedale,Squash,5,1,1,0,1,0,0,0,0,0
July,Roedale,Squash,5,0,0,0,0,0,0,0,0,0
June,Roedale,Bbean,16,0,0,0,0,0,0,0,0,0
June,Roedale,Bbean,16,0,0,0,0,0,0,0,0,0
June,Roedale,Bbean,60,0,1,0,0,0,1,0,0,0
June,Roedale,Bbean,30,0,1,0,1,0,0,0,0,0
May,Roedale,Apple,150,0,0,0,0,0,0,0,0,0
May,Roedale,Apple,10,0,0,0,0,0,0,0,0,0
May,Roedale,Currant,500,0,0,0,0,0,0,0,0,0
May,Roedale,Gooseberry,500,0,0,0,0,0,0,0,0,0
May,Roedale,Raspberry,6,0,0,0,0,0,0,0,0,0
September,Roedale,Rbean,40,0,0,0,0,0,0,0,0,0
September,Roedale,Squash,1,0,0,0,0,0,0,0,0,0
August,Roedale,Rbean,30,0,0,1,0,0,0,0,0,0
August,Roedale,Raspberry,15,0,0,0,0,0,0,0,0,0
August,Roedale,Raspberry,80,0,0,0,0,0,0,0,0,0
August,Roedale,Raspberry,10,0,0,0,0,0,0,0,0,0
August,Roedale,Rbean,20,0,0,0,0,0,0,0,0,0
August,Roedale,Squash,1,0,0,0,0,0,0,0,0,0
August,Roedale,Squash,1,0,0,0,0,0,0,0,0,0
August,Roedale,Squash,2,0,0,0,0,0,0,0,0,0
August,Roedale,Squash,6,1,0,0,0,0,0,0,0,0
July,Roedale,Raspberry,27,0,0,0,0,0,0,0,0,0
July,Roedale,Rbean,10,0,0,0,0,0,0,0,0,0
July,Roedale,Squash,6,1,0,0,0,0,0,0,0,0
July,Roedale,Squash,1,0,0,0,0,0,0,0,0,0
July,Roedale,Tomato,330,0,0,0,0,0,0,0,0,0
June,Roedale,Raspberry,20,0,0,0,0,0,0,0,0,0
May,Roedale,Blackberry,800,1,1,0,0,0,1,0,0,0
May,Roedale,Strawberry,30,0,0,0,0,0,0,0,0,0
May,Roedale,Strawberry,32,0,0,0,0,0,0,0,0,0
September,Roedale,Raspberry,12,0,3,0,0,0,3,0,0,0
September,Roedale,Raspberry,30,0,0,0,0,0,0,0,0,0
September,Roedale,Raspberry,45,0,0,0,0,0,0,0,0,0
September,Roedale,Rbean,9,0,0,0,0,0,0,0,0,0
September,Roedale,Squash,1,0,0,0,0,0,0,0,0,0
August,Roedale,Rbean,16,0,0,0,0,0,0,0,0,0
August,Roedale,Rbean,100,2,0,0,0,0,0,0,0,0
August,Roedale,Squash,1,0,0,0,0,0,0,0,0,0
August,Roedale,Squash,1,0,0,0,0,0,0,0,0,0
July,Roedale,Rbean,150,0,1,0,0,0,1,0,0,0
July,Roedale,Rbean,150,0,0,1,0,0,0,0,0,0
July,Roedale,Rbean,300,0,0,0,0,0,0,0,0,0
July,Roedale,Squash,2,0,0,0,0,0,0,0,0,0
July,Roedale,Squash,7,0,0,0,0,0,0,0,0,0
June,Roedale,Blackberry,50,1,0,0,0,0,0,0,0,0
June,Roedale,Blackberry,50,0,3,0,2,0,1,0,0,0
June,Roedale,Rbean,150,0,0,0,0,0,0,0,0,0
June,Roedale,Rbean,100,0,0,0,0,0,0,0,0,0
June,Roedale,Strawberry,6,0,0,0,0,0,0,0,0,0
May,Roedale,Raspberry,14,0,1,0,0,0,0,1,0,0
April,Roedale,Gooseberry,400,0,0,0,0,0,0,0,0,0
April,Roedale,Plum,100,0,1,2,1,0,0,0,0,0
April,Roedale,Plum,50,0,1,2,0,0,1,0,0,0
June,Roedale,Blackberry,100,0,0,5,0,0,0,0,0,0
June,Roedale,Blackberry,45,0,1,0,1,0,0,0,0,0
June,Roedale,Raspberry,10,0,0,0,0,0,0,0,0,0
May,Roedale,Apple,100,0,0,0,0,0,0,0,0,0
May,Roedale,Apple,150,1,0,0,0,0,0,0,0,0
May,Roedale,Apple,500,0,0,0,0,0,0,0,0,0
May,Roedale,Currant,200,0,0,0,0,0,0,0,0,0
May,Roedale,Gooseberry,100,0,1,0,0,0,1,0,0,0
May,Roedale,Gooseberry,400,0,0,0,0,0,0,0,0,0
May,Roedale,Raspberry,16,3,0,0,0,0,0,0,0,0
May,Roedale,Strawberry,20,0,0,0,0,0,0,0,0,0
May,Roedale,Strawberry,6,0,0,0,0,0,0,0,0,0
May,Roedale,Bbean,65,0,0,0,0,0,0,0,0,0
May,Roedale,Bbean,90,0,0,0,0,0,0,0,0,0
May,Roedale,Strawberry,24,0,0,0,0,0,0,0,0,0
May,Roedale,Strawberry,24,0,0,0,0,0,0,0,0,0
May,Roedale,Apple,500,1,0,0,0,0,0,0,0,0
July,Roedale,Courgette,9,0,0,0,0,0,0,0,0,0
July,Roedale,Raspberry,9,0,1,0,0,0,1,0,0,0
July,Roedale,Rbean,20,0,0,0,0,0,0,0,0,0
May,Roedale,Apple,200,0,1,0,1,0,0,0,0,0
April,Roedale,Apple,50,5,1,3,0,0,0,1,0,0
April,Roedale,Cherry,150,0,0,3,0,0,0,0,0,0
April,Roedale,Pear,10,0,0,0,0,0,0,0,0,0
April,Roedale,Plum,50,0,0,1,0,0,0,0,0,0
April,Roedale,Plum,50,0,0,0,0,0,0,0,0,0
May,Roedale,Apple,30,0,1,0,0,0,1,0,0,0
May,Roedale,Apple,30,0,0,0,0,0,0,0,0,0
May,Roedale,Apple,100,1,0,0,0,0,0,0,0,0
April,Roedale,Currant,200,0,2,0,1,0,0,1,0,0
April,Roedale,Currant,200,0,0,0,0,0,0,0,0,0
April,Roedale,Currant,200,0,0,0,0,0,0,0,0,0
April,Roedale,Gooseberry,300,0,1,0,1,0,0,0,0,0
May,Roedale,Cherry,1000,5,1,0,1,0,0,0,0,0
April,Roedale,Plum,2000,3,0,2,0,0,0,0,0,0
April,Roedale,Plum,100,1,1,0,0,1,0,0,0,0
May,Roedale,Apple,10,0,0,0,0,0,0,0,0,0
May,Roedale,Apple,20,0,0,0,0,0,0,0,0,0
May,Roedale,Apple,30,0,0,0,0,0,0,0,0,0
May,Roedale,Apple,100,0,0,0,0,0,0,0,0,0
May,Roedale,Cherry,500,0,0,0,0,0,0,0,0,0
August,Roedale,Rbean,35,0,0,0,0,0,0,0,0,0
August,Roedale,Physalis,90,0,0,0,0,0,0,0,0,0
August,Roedale,Physalis,60,0,0,1,0,0,0,0,0,0
August,Roedale,Squash,1,0,0,0,0,0,0,0,0,0
August,Roedale,Tomato,10,0,0,0,0,0,0,0,0,0
August,Roedale,Tomato,30,0,0,0,0,0,0,0,0,0
July,Roedale,Tomato,154,0,0,0,0,0,0,0,0,0
June,Roedale,Bbean,500,0,2,0,0,0,2,0,0,0
June,Roedale,Tomato,200,0,1,0,0,0,1,0,0,0
May,Roedale,Apple,15,0,0,0,0,0,0,0,0,0
May,Roedale,Strawberry,48,0,0,0,0,0,0,0,0,0
September,Roedale,Physalis,30,0,0,2,0,0,0,0,0,0
September,Roedale,Rbean,25,0,0,0,0,0,0,0,0,0
August,Weald,Courgette,5,2,0,0,0,0,0,0,0,0
August,Weald,Squash,4,3,0,0,0,0,0,0,0,0
August,Weald,Raspberry,30,1,1,0,0,0,1,0,0,0
August,Weald,Raspberry,120,0,1,0,0,0,1,0,0,0
August,Weald,Raspberry,15,1,0,0,0,0,0,0,0,0
August,Weald,Raspberry,50,0,0,0,0,0,0,0,0,0
August,Weald,Rbean,60,0,0,0,0,0,0,0,0,0
August,Weald,Rbean,140,2,0,0,0,0,0,0,0,0
August,Weald,Squash,5,0,0,0,0,0,0,0,0,0
July,Weald,Raspberry,20,0,0,0,0,0,0,0,0,0
July,Weald,Raspberry,30,0,1,0,0,1,0,0,0,0
July,Weald,Raspberry,16,0,0,0,0,0,0,0,0,0
July,Weald,Rbean,140,4,0,0,0,0,0,0,0,0
July,Weald,Rbean,140,2,0,1,0,0,0,0,0,0
July,Weald,Rbean,36,0,0,0,0,0,0,0,0,0
July,Weald,Squash,2,0,0,0,0,0,0,0,0,0
June,Weald,Raspberry,20,0,0,0,0,0,0,0,0,0
June,Weald,Raspberry,40,0,3,0,1,0,2,0,0,0
June,Weald,Raspberry,54,0,2,1,0,1,0,1,0,0
June,Weald,Rbean,6,0,0,0,0,0,0,0,0,0
June,Weald,Rbean,12,0,0,0,0,0,0,0,0,0
June,Weald,Rbean,90,0,0,0,0,0,0,0,0,0
August,Weald,Raspberry,3,0,0,0,0,0,0,0,0,0
August,Weald,Rbean,25,0,0,0,0,0,0,0,0,0
August,Weald,Squash,1,0,0,0,0,0,0,0,0,0
August,Weald,Squash,6,0,0,0,0,0,0,0,0,0
August,Weald,Squash,7,0,0,0,0,0,0,0,0,0
August,Weald,Tomato,10,0,0,0,0,0,0,0,0,0
July,Weald,Cucumber,9,0,0,0,0,0,0,0,0,0
July,Weald,Rbean,15,0,0,0,0,0,0,0,0,0
July,Weald,Rbean,110,0,0,1,0,0,0,0,0,0
July,Weald,Squash,4,0,0,0,0,0,0,0,0,0
June,Weald,Cucumber,3,0,0,0,0,0,0,0,0,0
June,Weald,Rbean,24,0,0,0,0,0,0,0,0,0
June,Weald,Squash,1,0,0,0,0,0,0,0,0,0
June,Weald,Squash,1,0,0,0,0,0,0,0,0,0
May,Weald,Apple,50,0,0,0,0,0,0,0,0,0
May,Weald,Apple,50,1,0,0,0,0,0,0,0,0
May,Weald,Apple,100,1,0,0,0,0,0,0,0,0
May,Weald,Apple,200,0,0,0,0,0,0,0,0,0
May,Weald,Apple,500,2,1,0,1,0,0,0,0,0
May,Weald,Apple,1000,1,1,0,1,0,0,0,0,0
May,Weald,Apple,1000,2,1,0,0,1,0,0,0,0
May,Weald,Apple,2000,4,3,0,2,0,1,0,0,0
May,Weald,Bbean,21,0,0,0,0,0,0,0,0,0
May,Weald,Currant,900,2,0,0,0,0,0,0,0,0
May,Weald,Raspberry,350,8,0,0,0,0,0,0,0,0
August,Weald,Rbean,70,0,0,0,0,0,0,0,0,0
August,Weald,Rbean,40,3,0,0,0,0,0,0,0,0
August,Weald,Rbean,240,5,1,0,1,0,0,0,0,0
August,Weald,Squash,5,0,0,0,0,0,0,0,0,0
August,Weald,Squash,6,0,0,0,0,0,0,0,0,0
July,Weald,Rbean,240,4,0,0,0,0,0,0,0,0
July,Weald,Rbean,160,4,0,0,0,0,0,0,0,0
July,Weald,Rbean,52,0,0,0,0,0,0,0,0,0
July,Weald,Squash,3,0,0,0,0,0,0,0,0,0
June,Weald,Raspberry,32,0,2,0,2,0,0,0,0,0
April,Weald,Apple,20,0,0,0,0,0,0,0,0,0
April,Weald,Cherry,300,0,0,1,0,0,0,0,0,0
April,Weald,Currant,100,0,0,0,0,0,0,0,0,0
April,Weald,Currant,200,0,0,0,0,0,0,0,0,0
April,Weald,Currant,400,0,0,0,0,0,0,0,0,0
April,Weald,Pear,150,0,0,0,0,0,0,0,0,0
August,Weald,Squash,6,0,0,0,0,0,0,0,0,0
August,Weald,Squash,6,0,0,0,0,0,0,0,0,0
July,Weald,Courgette,3,0,0,0,0,0,0,0,0,0
July,Weald,Rbean,45,0,0,0,0,0,0,0,0,0
July,Weald,Squash,6,0,0,0,0,0,0,0,0,0
July,Weald,Squash,8,0,0,0,0,0,0,0,0,0
June,Weald,Raspberry,100,0,2,0,1,0,1,0,0,0
June,Weald,Raspberry,300,3,3,0,1,1,0,0,1,0
June,Weald,Rbean,28,0,0,0,0,0,0,0,0,0
May,Weald,Apple,125,0,0,0,0,0,0,0,0,0
May,Weald,Currant,200,1,0,0,0,0,0,0,0,0
May,Weald,Raspberry,75,7,0,0,0,0,0,0,0,0
September,Weald,Courgette,1,0,0,0,0,0,0,0,0,0
September,Weald,Rbean,30,0,0,0,0,0,0,0,0,0
September,Weald,Squash,1,0,0,0,0,0,0,0,0,0
August,Weald,Courgette,2,0,0,0,0,0,0,0,0,0
August,Weald,Cucumber,2,0,0,0,0,0,0,0,0,0
August,Weald,Cucumber,12,0,0,0,0,0,0,0,0,0
August,Weald,Cucumber,20,0,0,0,0,0,0,0,0,0
August,Weald,Raspberry,200,2,2,0,0,0,2,0,0,0
August,Weald,Raspberry,300,0,1,0,0,0,1,0,0,0
August,Weald,Squash,4,0,0,0,0,0,0,0,0,0
August,Weald,Squash,2,0,0,0,0,0,0,0,0,0
August,Weald,Tomato,20,0,0,0,0,0,0,0,0,0
July,Weald,Courgette,1,0,0,0,0,0,0,0,0,0
July,Weald,Cucumber,1,0,0,0,0,0,0,0,0,0
July,Weald,Cucumber,4,0,0,0,0,0,0,0,0,0
July,Weald,Pepper,9,0,0,0,0,0,0,0,0,0
July,Weald,Raspberry,600,4,2,0,2,0,0,0,0,0
July,Weald,Raspberry,150,10,3,1,2,0,0,0,0,1
July,Weald,Raspberry,150,3,1,0,1,0,0,0,0,0
July,Weald,Rbean,45,0,0,0,0,0,0,0,0,0
July,Weald,Rbean,32,0,0,0,0,0,0,0,0,0
July,Weald,Squash,1,0,0,0,0,0,0,0,0,0
July,Weald,Squash,1,0,0,0,0,0,0,0,0,0
July,Weald,Squash,1,1,1,0,1,0,0,0,0,0
July,Weald,Tomato,30,0,0,0,0,0,0,0,0,0
July,Weald,Tomato,40,0,0,0,0,0,0,0,0,0
July,Weald,Tomato,27,0,0,0,0,0,0,0,0,0
July,Weald,Tomato,12,0,0,0,0,0,0,0,0,0
June,Weald,Raspberry,150,0,1,0,1,0,0,0,0,0
June,Weald,Raspberry,300,0,2,0,2,0,0,0,0,0
June,Weald,Strawberry,4,0,0,0,0,0,0,0,0,0
June,Weald,Tomato,9,0,0,0,0,0,0,0,0,0
August,Weald,Courgette,1,0,0,0,0,0,0,0,0,0
August,Weald,Courgette,5,0,0,0,0,0,0,0,0,0
August,Weald,Courgette,9,1,0,0,0,0,0,0,0,0
August,Weald,Courgette,2,0,0,0,0,0,0,0,0,0
August,Weald,Cucumber,15,0,0,0,0,0,0,0,0,0
August,Weald,Cucumber,20,0,0,0,0,0,0,0,0,0
August,Weald,Raspberry,400,2,2,1,0,0,2,0,0,0
August,Weald,Rbean,12,0,0,0,0,0,0,0,0,0
August,Weald,Rbean,30,0,0,0,0,0,0,0,0,0
August,Weald,Squash,3,1,0,0,0,0,0,0,0,0
August,Weald,Squash,3,0,0,0,0,0,0,0,0,0
August,Weald,Squash,2,0,0,0,0,0,0,0,0,0
August,Weald,Squash,4,1,0,0,0,0,0,0,0,0
August,Weald,Squash,2,0,0,0,0,0,0,0,0,0
August,Weald,Strawberry,5,0,0,0,0,0,0,0,0,0
August,Weald,Tomato,14,0,0,0,0,0,0,0,0,0
July,Weald,Courgette,35,0,0,0,0,0,0,0,0,0
July,Weald,Courgette,1,0,0,0,0,0,0,0,0,0
July,Weald,Cucumber,9,0,0,0,0,0,0,0,0,0
July,Weald,Cucumber,70,0,0,0,0,0,0,0,0,0
July,Weald,Raspberry,200,0,0,0,0,0,0,0,0,0
July,Weald,Rbean,15,0,0,0,0,0,0,0,0,0
July,Weald,Squash,19,0,0,0,0,0,0,0,0,0
July,Weald,Squash,4,0,0,0,0,0,0,0,0,0
July,Weald,Tomato,10,0,0,0,0,0,0,0,0,0
June,Weald,Cucumber,10,0,0,0,0,0,0,0,0,0
June,Weald,Cucumber,4,0,0,0,0,0,0,0,0,0
June,Weald,Cucumber,4,0,0,0,0,0,0,0,0,0
June,Weald,Raspberry,40,4,1,0,0,0,0,0,1,0
June,Weald,Raspberry,300,2,6,0,3,3,0,0,0,0
June,Weald,Raspberry,400,2,1,0,1,0,0,0,0,0
June,Weald,Squash,1,0,0,0,0,0,0,0,0,0
June,Weald,Strawberry,20,0,0,0,0,0,0,0,0,0
May,Weald,Apple,30,0,0,0,0,0,0,0,0,0
May,Weald,Apple,100,0,0,0,0,0,0,0,0,0
May,Weald,Apple,10,0,0,0,0,0,0,0,0,0
May,Weald,Apple,50,0,0,0,0,0,0,0,0,0
May,Weald,Apple,75,0,0,0,0,0,0,0,0,0
May,Weald,Apple,125,0,0,0,0,0,0,0,0,0
May,Weald,Bbean,200,0,1,0,0,0,1,0,0,0
May,Weald,Currant,300,0,0,0,0,0,0,0,0,0
May,Weald,Currant,400,0,1,0,1,0,0,0,0,0
May,Weald,Currant,600,0,0,0,0,0,0,0,0,0
May,Weald,Strawberry,250,0,0,1,0,0,0,0,0,0
May,Weald,Strawberry,120,0,0,0,0,0,0,0,0,0
September,Weald,Courgette,1,0,0,0,0,0,0,0,0,0
September,Weald,Courgette,2,0,0,0,0,0,0,0,0,0
September,Weald,Raspberry,200,0,1,0,0,0,1,0,0,0
September,Weald,Squash,2,0,0,0,0,0,0,0,0,0
September,Weald,Squash,3,0,0,0,0,0,0,0,0,0
September,Weald,Strawberry,10,0,0,0,0,0,0,0,0,0
August,Weald,Rbean,40,0,0,0,0,0,0,0,0,0
August,Weald,Courgette,2,0,0,0,0,0,0,0,0,0
August,Weald,Cucumber,2,0,0,0,0,0,0,0,0,0
August,Weald,Cucumber,4,0,0,0,0,0,0,0,0,0
August,Weald,Cucumber,2,0,0,0,0,0,0,0,0,0
August,Weald,Squash,6,0,0,0,0,0,0,0,0,0
August,Weald,Squash,2,1,0,0,0,0,0,0,0,0
August,Weald,Strawberry,25,0,0,0,0,0,0,0,0,0
July,Weald,Courgette,1,0,0,0,0,0,0,0,0,0
July,Weald,Cucumber,12,1,0,0,0,0,0,0,0,0
July,Weald,Cucumber,5,0,0,0,0,0,0,0,0,0
July,Weald,Rbean,80,0,0,0,0,0,0,0,0,0
July,Weald,Rbean,36,0,0,3,0,0,0,0,0,0
July,Weald,Rbean,5,0,0,0,0,0,0,0,0,0
July,Weald,Rbean,30,0,0,0,0,0,0,0,0,0
July,Weald,Squash,8,0,0,0,0,0,0,0,0,0
July,Weald,Squash,6,3,0,0,0,0,0,0,0,0
June,Weald,Courgette,5,0,0,0,0,0,0,0,0,0
June,Weald,Cucumber,8,0,0,0,0,0,0,0,0,0
June,Weald,Raspberry,20,0,2,0,2,0,0,0,0,0
June,Weald,Raspberry,32,0,4,0,3,1,0,0,0,0
June,Weald,Rbean,12,0,0,0,0,0,0,0,0,0
April,Weald,Currant,400,0,0,0,0,0,0,0,0,0
April,Weald,Gooseberry,100,0,0,0,0,0,0,0,0,0
April,Weald,Strawberry,24,0,0,0,0,0,0,0,0,0
August,Weald,Courgette,1,0,0,0,0,0,0,0,0,0
August,Weald,Squash,4,0,0,0,0,0,0,0,0,0
August,Weald,Squash,16,1,0,0,0,0,0,0,0,0
August,Weald,Strawberry,6,0,0,1,0,0,0,0,0,0
July,Weald,Cucumber,6,1,0,0,0,0,0,0,0,0
July,Weald,Rbean,50,0,1,0,0,0,1,0,0,0
July,Weald,Squash,8,0,0,0,0,0,0,0,0,0
June,Weald,Courgette,2,0,0,0,0,0,0,0,0,0
June,Weald,Cucumber,12,0,0,0,0,0,0,0,0,0
June,Weald,Rbean,9,0,0,0,0,0,0,0,0,0
June,Weald,Squash,1,0,0,0,0,0,0,0,0,0
May,Weald,Currant,400,0,0,0,0,0,0,0,0,0
May,Weald,Raspberry,32,1,0,0,0,0,0,0,0,0
May,Weald,Strawberry,100,0,0,0,0,0,0,0,0,0
May,Weald,Strawberry,140,0,0,2,0,0,0,0,0,0
August,Weald,Courgette,2,0,0,0,0,0,0,0,0,0
August,Weald,Rbean,180,2,1,0,1,0,0,0,0,0
August,Weald,Rbean,180,3,1,0,0,0,1,0,0,0
August,Weald,Squash,2,1,0,0,0,0,0,0,0,0
August,Weald,Squash,3,2,0,0,0,0,0,0,0,0
August,Weald,Strawberry,5,0,0,0,0,0,0,0,0,0
July,Weald,Cucumber,4,0,0,0,0,0,0,0,0,0
July,Weald,Rbean,240,3,0,0,0,0,0,0,0,0
July,Weald,Rbean,150,3,1,1,1,0,0,0,0,0
July,Weald,Squash,1,0,0,0,0,0,0,0,0,0
July,Weald,Tomato,15,0,0,0,0,0,0,0,0,0
July,Weald,Tomato,11,0,0,0,0,0,0,0,0,0
June,Weald,Courgette,1,0,0,0,0,0,0,0,0,0
June,Weald,Courgette,1,0,0,0,0,0,0,0,0,0
June,Weald,Strawberry,1,0,0,0,0,0,0,0,0,0
June,Weald,Tomato,30,0,0,0,0,0,0,0,0,0
June,Weald,Tomato,55,0,0,0,0,0,0,0,0,0
August,Weald,Rbean,30,0,0,0,0,0,0,0,0,0
August,Weald,Blackberry,5,2,0,0,0,0,0,0,0,0
August,Weald,Blackberry,20,2,1,0,0,0,1,0,0,0
August,Weald,Courgette,2,1,0,0,0,0,0,0,0,0
August,Weald,Raspberry,40,0,1,0,0,0,1,0,0,0
August,Weald,Rbean,40,2,0,0,0,0,0,0,0,0
August,Weald,Squash,6,1,0,0,0,0,0,0,0,0
August,Weald,Squash,14,2,0,0,0,0,0,0,0,0
August,Weald,Strawberry,6,0,0,0,0,0,0,0,0,0
August,Weald,Tomato,30,0,0,0,0,0,0,0,0,0
July,Weald,Blackberry,50,3,0,0,0,0,0,0,0,0
July,Weald,Blackberry,75,6,3,0,1,1,1,0,0,0
July,Weald,Courgette,3,0,0,0,0,0,0,0,0,0
July,Weald,Cucumber,10,0,0,0,0,0,0,0,0,0
July,Weald,Raspberry,100,2,2,0,1,0,1,0,0,0
July,Weald,Raspberry,50,4,3,0,3,0,0,0,0,0
July,Weald,Raspberry,160,5,3,0,3,0,0,0,0,0
July,Weald,Rbean,200,5,0,0,0,0,0,0,0,0
July,Weald,Rbean,200,2,1,0,1,0,0,0,0,0
July,Weald,Rbean,80,0,0,0,0,0,0,0,0,0
July,Weald,Squash,1,0,0,0,0,0,0,0,0,0
July,Weald,Squash,4,0,0,0,0,0,0,0,0,0
July,Weald,Tomato,30,0,0,0,0,0,0,0,0,0
July,Weald,Tomato,30,0,1,0,1,0,0,0,0,0
July,Weald,Tomato,18,0,0,0,0,0,0,0,0,0
June,Weald,Blackberry,500,1,3,0,3,0,0,0,0,0
June,Weald,Blackberry,8,0,1,0,1,0,0,0,0,0
June,Weald,Bbean,40,0,0,0,0,0,0,0,0,0
June,Weald,Pepper,30,0,0,0,0,0,0,0,0,0
June,Weald,Raspberry,240,0,4,0,1,2,1,0,0,0
June,Weald,Rbean,112,0,1,0,0,0,1,0,0,0
June,Weald,Tomato,48,0,0,0,0,0,0,0,0,0
April,Weald,Bbean,75,0,0,0,0,0,0,0,0,0
April,Weald,Currant,200,0,0,0,0,0,0,0,0,0
April,Weald,Gooseberry,100,0,0,0,0,0,0,0,0,0
April,Weald,Plum,10,0,0,0,0,0,0,0,0,0
April,Weald,Plum,750,2,0,0,0,0,0,0,0,0
April,Weald,Strawberry,42,0,0,0,0,0,0,0,0,0
August,Weald,Blackberry,150,6,2,0,1,0,1,0,0,0
August,Weald,Raspberry,100,0,0,0,0,0,0,0,0,0
August,Weald,Raspberry,60,0,1,0,0,0,0,0,1,0
August,Weald,Strawberry,4,0,0,0,0,0,0,0,0,0
August,Weald,Tomato,20,0,0,0,0,0,0,0,0,0
July,Weald,Courgette,3,0,0,0,0,0,0,0,0,0
July,Weald,Squash,2,0,0,0,0,0,0,0,0,0
June,Weald,Blackberry,800,10,3,0,3,0,0,0,0,0
June,Weald,Cucumber,5,0,0,0,0,0,0,0,0,0
June,Weald,Pepper,12,0,0,0,0,0,0,0,0,0
June,Weald,Raspberry,300,5,2,0,0,0,2,0,0,0
June,Weald,Rbean,54,0,0,0,0,0,0,0,0,0
June,Weald,Tomato,25,0,0,0,0,0,0,0,0,0
May,Weald,Apple,200,0,0,0,0,0,0,0,0,0
May,Weald,Bbean,30,0,0,0,0,0,0,0,0,0
May,Weald,Bbean,100,0,0,0,0,0,0,0,0,0
May,Weald,Cucumber,6,0,0,0,0,0,0,0,0,0
May,Weald,Currant,300,0,0,0,0,0,0,0,0,0
May,Weald,Strawberry,6,0,0,0,0,0,0,0,0,0
May,Weald,Strawberry,22,0,0,0,0,0,0,0,0,0
May,Weald,Tomato,10,0,0,0,0,0,0,0,0,0
September,Weald,Courgette,4,0,0,0,0,0,0,0,0,0
September,Weald,Rbean,15,0,0,0,0,0,0,0,0,0
September,Weald,Rbean,20,0,0,0,0,0,0,0,0,0
August,Weald,Courgette,2,0,0,0,0,0,0,0,0,0
August,Weald,Rbean,9,0,0,0,0,0,0,0,0,0
August,Weald,Squash,6,0,0,0,0,0,0,0,0,0
August,Weald,Squash,3,0,0,0,0,0,0,0,0,0
August,Weald,Tomato,25,0,0,0,0,0,0,0,0,0
August,Weald,Tomato,30,0,0,0,0,0,0,0,0,0
August,Weald,Tomato,50,0,0,0,0,0,0,0,0,0
July,Weald,Cucumber,2,0,0,0,0,0,0,0,0,0
July,Weald,Cucumber,2,0,0,0,0,0,0,0,0,0
June,Weald,Squash,1,0,0,0,0,0,0,0,0,0
May,Weald,Apple,75,0,0,0,0,0,0,0,0,0
May,Weald,Cherry,200,4,0,0,0,0,0,0,0,0
May,Weald,Currant,200,0,0,0,0,0,0,0,0,0
May,Weald,Pear,50,0,0,0,0,0,0,0,0,0
May,Weald,Pear,100,0,0,0,0,0,0,0,0,0
May,Weald,Strawberry,20,0,0,0,0,0,0,0,0,0
September,Weald,Squash,1,0,0,0,0,0,0,0,0,0
August,Weald,Rbean,20,0,0,0,0,0,0,0,0,0
August,Weald,Rbean,20,0,0,0,0,0,0,0,0,0
August,Weald,Rbean,20,1,0,0,0,0,0,0,0,0
August,Weald,Rbean,25,0,0,0,0,0,0,0,0,0
August,Weald,Squash,2,0,0,0,0,0,0,0,0,0
August,Weald,Tomato,30,0,0,0,0,0,0,0,0,0
July,Weald,Cucumber,3,0,0,0,0,0,0,0,0,0
July,Weald,Tomato,60,0,1,0,1,0,0,0,0,0
June,Weald,Bbean,40,0,0,0,0,0,0,0,0,0
June,Weald,Courgette,1,0,0,0,0,0,0,0,0,0
June,Weald,Tomato,10,0,0,0,0,0,0,0,0,0
May,Weald,Bbean,120,0,1,0,0,0,1,0,0,0
May,Weald,Strawberry,8,0,0,0,0,0,0,0,0,0
May,Weald,Tomato,4,0,0,0,0,0,0,0,0,0
September,Weald,Rbean,15,0,0,0,0,0,0,0,0,0
September,Weald,Squash,6,0,0,0,0,0,0,0,0,0
April,Weald,Apple,200,0,0,0,0,0,0,0,0,0
April,Weald,Currant,200,0,0,0,0,0,0,0,0,0
April,Weald,Gooseberry,400,0,0,0,0,0,0,0,0,0
April,Weald,Plum,50,0,2,0,2,0,0,0,0,0
April,Weald,Plum,400,0,2,0,2,0,0,0,0,0
April,Weald,Strawberry,4,0,0,0,0,0,0,0,0,0
May,Weald,Apple,200,2,0,0,0,0,0,0,0,0
May,Weald,Strawberry,90,0,0,1,0,0,0,0,0,0
June,Weald,Tomato,60,0,0,0,0,0,0,0,0,0
May,Weald,Apple,500,1,0,0,0,0,0,0,0,0
May,Weald,Apple,25,0,0,0,0,0,0,0,0,0
May,Weald,Apple,125,0,0,0,0,0,0,0,0,0
May,Weald,Cherry,100,0,1,0,1,0,0,0,0,0
May,Weald,Currant,200,0,0,0,0,0,0,0,0,0
May,Weald,Currant,600,0,0,0,0,0,0,0,0,0
May,Weald,Strawberry,60,0,0,0,0,0,0,0,0,0
May,Weald,Strawberry,25,0,0,1,0,0,0,0,0,0
April,Weald,Cherry,2000,0,0,0,0,0,0,0,0,0
April,Weald,Currant,600,0,0,0,0,0,0,0,0,0
April,Weald,Gooseberry,100,0,0,0,0,0,0,0,0,0
April,Weald,Strawberry,22,0,0,0,0,0,0,0,0,0
May,Weald,Bbean,700,0,0,0,0,0,0,0,0,0
May,Weald,Raspberry,66,5,0,0,0,0,0,0,0,0
May,Weald,Strawberry,75,0,0,0,0,0,0,0,0,0
May,Weald,Raspberry,120,5,0,0,0,0,0,0,0,0
May,Weald,Strawberry,80,0,0,0,0,0,0,0,0,0
May,Weald,Apple,100,2,0,0,0,0,0,0,0,0
May,Weald,Currant,400,0,0,0,0,0,0,0,0,0
May,Weald,Gooseberry,400,0,0,0,0,0,0,0,0,0
August,Weald,Rbean,60,0,0,0,0,0,0,0,0,0
August,Weald,Pepper,1,0,0,0,0,0,0,0,0,0
August,Weald,Raspberry,60,4,0,0,0,0,0,0,0,0
August,Weald,Raspberry,125,2,2,0,2,0,0,0,0,0
August,Weald,Rbean,25,0,0,0,0,0,0,0,0,0
August,Weald,Rbean,30,0,0,0,0,0,0,0,0,0
July,Weald,Cucumber,3,0,0,0,0,0,0,0,0,0
July,Weald,Cucumber,6,0,0,0,0,0,0,0,0,0
July,Weald,Cucumber,10,0,0,0,0,0,0,0,0,0
July,Weald,Raspberry,90,0,0,0,0,0,0,0,0,0
July,Weald,Raspberry,24,0,0,0,0,0,0,0,0,0
July,Weald,Raspberry,5,0,0,0,0,0,0,0,0,0
July,Weald,Rbean,10,0,0,0,0,0,0,0,0,0
July,Weald,Rbean,5,1,0,0,0,0,0,0,0,0
July,Weald,Rbean,1,0,0,0,0,0,0,0,0,0
July,Weald,Rbean,4,0,0,0,0,0,0,0,0,0
June,Weald,Bbean,10,0,0,0,0,0,0,0,0,0
June,Weald,Courgette,6,0,0,0,0,0,0,0,0,0
August,Weald,Courgette,4,0,0,1,0,0,0,0,0,0
August,Weald,Courgette,4,0,0,0,0,0,0,0,0,0
August,Weald,Courgette,6,0,0,0,0,0,0,0,0,0
August,Weald,Raspberry,120,2,0,0,0,0,0,0,0,0
August,Weald,Rbean,12,0,0,0,0,0,0,0,0,0
August,Weald,Rbean,12,0,0,0,0,0,0,0,0,0
August,Weald,Rbean,60,0,0,0,0,0,0,0,0,0
August,Weald,Rbean,20,0,0,0,0,0,0,0,0,0
August,Weald,Squash,2,1,0,1,0,0,0,0,0,0
August,Weald,Squash,6,0,0,0,0,0,0,0,0,0
August,Weald,Squash,2,0,1,0,1,0,0,0,0,0
July,Weald,Courgette,4,0,0,0,0,0,0,0,0,0
July,Weald,Raspberry,20,0,0,0,0,0,0,0,0,0
June,Weald,Raspberry,50,0,1,0,0,0,0,0,1,0
June,Weald,Squash,4,0,0,0,0,0,0,0,0,0
May,Weald,Bbean,50,0,0,0,0,0,0,0,0,0
May,Weald,Bbean,12,0,0,0,0,0,0,0,0,0
May,Weald,Cherry,500,0,0,0,0,0,0,0,0,0
May,Weald,Currant,200,0,0,0,0,0,0,0,0,0
May,Weald,Raspberry,15,0,0,0,0,0,0,0,0,0
May,Weald,Strawberry,25,0,0,0,0,0,0,0,0,0
May,Weald,Strawberry,50,0,0,0,0,0,0,0,0,0
May,Weald,Strawberry,200,0,0,0,0,0,0,0,0,0
September,Weald,Raspberry,80,0,1,0,0,0,1,0,0,0
September,Weald,Raspberry,80,0,0,0,0,0,0,0,0,0
September,Weald,Rbean,6,0,0,0,0,0,0,0,0,0
August,Weald,Courgette,1,0,0,0,0,0,0,0,0,0
August,Weald,Courgette,3,0,0,0,0,0,0,0,0,0
August,Weald,Rbean,10,0,0,0,0,0,0,0,0,0
August,Weald,Rbean,30,2,0,0,0,0,0,0,0,0
August,Weald,Rbean,80,3,0,0,0,0,0,0,0,0
August,Weald,Squash,4,0,0,0,0,0,0,0,0,0
August,Weald,Squash,6,0,0,0,0,0,0,0,0,0
August,Weald,Squash,12,0,0,0,0,0,0,0,0,0
August,Weald,Squash,3,0,0,0,0,0,0,0,0,0
August,Weald,Tomato,20,0,0,0,0,0,0,0,0,0
August,Weald,Tomato,35,0,0,0,0,0,0,0,0,0
July,Weald,Cucumber,4,0,0,0,0,0,0,0,0,0
July,Weald,Pepper,3,0,0,0,0,0,0,0,0,0
July,Weald,Rbean,1,0,0,0,0,0,0,0,0,0
July,Weald,Rbean,12,0,0,0,0,0,0,0,0,0
July,Weald,Rbean,15,0,0,0,0,0,0,0,0,0
July,Weald,Rbean,3,0,0,0,0,0,0,0,0,0
July,Weald,Tomato,4,0,0,0,0,0,0,0,0,0
August,Weald,Courgette,2,0,0,0,0,0,0,0,0,0
August,Weald,Cucumber,1,0,0,0,0,0,0,0,0,0
August,Weald,Cucumber,2,0,0,0,0,0,0,0,0,0
August,Weald,Pear,60,1,0,0,0,0,0,0,0,0
August,Weald,Rbean,20,0,0,1,0,0,0,0,0,0
August,Weald,Rbean,30,0,0,0,0,0,0,0,0,0
August,Weald,Squash,2,0,0,0,0,0,0,0,0,0
August,Weald,Squash,5,0,0,2,0,0,0,0,0,0
August,Weald,Squash,1,0,0,0,0,0,0,0,0,0
August,Weald,Squash,1,0,0,0,0,0,0,0,0,0
August,Weald,Squash,4,1,0,0,0,0,0,0,0,0
August,Weald,Tomato,56,0,0,0,0,0,0,0,0,0
August,Weald,Tomato,14,0,0,0,0,0,0,0,0,0
July,Weald,Courgette,1,1,0,0,0,0,0,0,0,0
July,Weald,Courgette,2,0,0,0,0,0,0,0,0,0
July,Weald,Rbean,30,0,0,0,0,0,0,0,0,0
July,Weald,Squash,2,0,0,0,0,0,0,0,0,0
June,Weald,Blackberry,40,0,0,0,0,0,0,0,0,0
June,Weald,Courgette,1,0,0,0,0,0,0,0,0,0
June,Weald,Cucumber,1,0,0,0,0,0,0,0,0,0
May,Weald,Raspberry,60,2,1,0,0,1,0,0,0,0
August,Weald,Courgette,2,0,0,0,0,0,0,0,0,0
August,Weald,Courgette,7,0,0,0,0,0,0,0,0,0
August,Weald,Tomato,75,0,0,0,0,0,0,0,0,0
August,Weald,Tomato,100,0,0,0,0,0,0,0,0,0
July,Weald,Blackberry,17,0,1,1,1,0,0,0,0,0
July,Weald,Rbean,20,0,0,0,0,0,0,0,0,0
July,Weald,Tomato,150,0,0,0,0,0,0,0,0,0
June,Weald,Blackberry,50,1,0,0,0,0,0,0,0,0
June,Weald,Blackberry,29,1,3,0,2,0,0,0,1,0
June,Weald,Blackberry,30,1,0,0,0,0,0,0,0,0
June,Weald,Bbean,550,0,0,1,0,0,0,0,0,0
June,Weald,Raspberry,2,0,0,0,0,0,0,0,0,0
June,Weald,Raspberry,12,0,0,0,0,0,0,0,0,0
June,Weald,Raspberry,50,0,2,0,1,0,0,1,0,0
June,Weald,Strawberry,4,0,0,0,0,0,0,0,0,0
June,Weald,Strawberry,7,0,0,0,0,0,0,0,0,0
June,Weald,Strawberry,4,0,0,0,0,0,0,0,0,0
June,Weald,Tomato,30,0,0,0,0,0,0,0,0,0
June,Weald,Tomato,60,0,0,0,0,0,0,0,0,0
August,Weald,Courgette,15,3,0,0,0,0,0,0,0,0
August,Weald,Cucumber,30,0,0,0,0,0,0,0,0,0
August,Weald,Pepper,6,0,0,0,0,0,0,0,0,0
August,Weald,Squash,3,0,0,0,0,0,0,0,0,0
August,Weald,Squash,27,9,1,0,0,1,0,0,0,0
July,Weald,Courgette,4,2,0,0,0,0,0,0,0,0
July,Weald,Cucumber,15,0,0,0,0,0,0,0,0,0
July,Weald,Cucumber,60,0,0,0,0,0,0,0,0,0
July,Weald,Pepper,18,0,0,0,0,0,0,0,0,0
July,Weald,Pepper,50,0,0,0,0,0,0,0,0,0
July,Weald,Squash,7,2,0,0,0,0,0,0,0,0
July,Weald,Tomato,50,0,0,0,0,0,0,0,0,0
June,Weald,Blackberry,150,4,3,1,2,1,0,0,0,0
June,Weald,Courgette,1,0,0,0,0,0,0,0,0,0
June,Weald,Cucumber,8,0,0,0,0,0,0,0,0,0
May,Weald,Bbean,70,0,0,0,0,0,0,0,0,0
September,Weald,Courgette,1,0,0,0,0,0,0,0,0,0
August,Weald,Rbean,50,0,0,0,0,0,0,0,0,0
August,Weald,Rbean,100,0,0,0,0,0,0,0,0,0
August,Weald,Rbean,300,0,0,0,0,0,0,0,0,0
August,Weald,Blackberry,180,6,5,0,5,0,0,0,0,0
August,Weald,Courgette,1,0,0,0,0,0,0,0,0,0
August,Weald,Raspberry,20,0,1,0,0,0,1,0,0,0
August,Weald,Raspberry,80,0,1,0,0,0,1,0,0,0
August,Weald,Raspberry,150,1,4,0,3,0,0,0,1,0
August,Weald,Rbean,6,0,0,0,0,0,0,0,0,0
August,Weald,Squash,1,0,0,0,0,0,0,0,0,0
August,Weald,Squash,2,0,0,0,0,0,0,0,0,0
August,Weald,Squash,2,0,0,0,0,0,0,0,0,0
August,Weald,Squash,6,1,0,0,0,0,0,0,0,0
August,Weald,Strawberry,2,0,0,0,0,0,0,0,0,0
August,Weald,Strawberry,9,0,0,0,0,0,0,0,0,0
July,Weald,Raspberry,12,0,0,0,0,0,0,0,0,0
July,Weald,Raspberry,16,0,0,0,0,0,0,0,0,0
July,Weald,Rbean,140,0,0,0,0,0,0,0,0,0
July,Weald,Rbean,60,0,0,0,0,0,0,0,0,0
June,Weald,Blackberry,800,8,4,0,4,0,0,0,0,0
June,Weald,Courgette,1,0,0,0,0,0,0,0,0,0
June,Weald,Rbean,60,0,0,0,0,0,0,0,0,0
May,Weald,Apple,10,0,0,0,0,0,0,0,0,0
May,Weald,Apple,20,0,0,0,0,0,0,0,0,0
May,Weald,Apple,30,0,0,0,0,0,0,0,0,0
May,Weald,Blackberry,200,1,0,0,0,0,0,0,0,0
May,Weald,Bbean,75,0,0,0,0,0,0,0,0,0
May,Weald,Cherry,17,0,0,0,0,0,0,0,0,0
May,Weald,Currant,200,0,0,0,0,0,0,0,0,0
May,Weald,Currant,900,0,1,0,1,0,0,0,0,0
May,Weald,Gooseberry,400,0,0,0,0,0,0,0,0,0
May,Weald,Strawberry,90,0,0,0,0,0,0,0,0,0
May,Weald,Strawberry,225,0,0,0,0,0,0,0,0,0
May,Weald,Strawberry,21,0,0,0,0,0,0,0,0,0
May,Weald,Strawberry,33,0,0,0,0,0,0,0,0,0
May,Weald,Strawberry,240,0,0,0,0,0,0,0,0,0
September,Weald,Raspberry,16,0,0,0,0,0,0,0,0,0
August,Whitehawk,Courgette,2,0,0,0,0,0,0,0,0,0
August,Whitehawk,Courgette,4,0,0,0,0,0,0,0,0,0
August,Whitehawk,Cucumber,4,0,0,0,0,0,0,0,0,0
August,Whitehawk,Pepper,2,0,0,0,0,0,0,0,0,0
August,Whitehawk,Physalis,30,0,0,0,0,0,0,0,0,0
August,Whitehawk,Physalis,5,0,0,0,0,0,0,0,0,0
August,Whitehawk,Raspberry,15,0,0,0,0,0,0,0,0,0
August,Whitehawk,Rbean,100,0,0,0,0,0,0,0,0,0
August,Whitehawk,Rbean,120,0,0,0,0,0,0,0,0,0
August,Whitehawk,Squash,7,4,0,0,0,0,0,0,0,0
August,Whitehawk,Squash,12,0,0,0,0,0,0,0,0,0
August,Whitehawk,Squash,96,1,0,0,0,0,0,0,0,0
July,Whitehawk,Cucumber,4,0,0,0,0,0,0,0,0,0
July,Whitehawk,Tomato,30,0,0,0,0,0,0,0,0,0
July,Whitehawk,Tomato,70,0,0,0,0,0,0,0,0,0
June,Whitehawk,Bbean,200,0,2,0,1,0,1,0,0,0
June,Whitehawk,Raspberry,20,0,0,0,0,0,0,0,0,0
June,Whitehawk,Tomato,5,0,0,0,0,0,0,0,0,0
May,Whitehawk,Raspberry,15,1,0,0,0,0,0,0,0,0
May,Whitehawk,Raspberry,30,1,0,0,0,0,0,0,0,0
September,Whitehawk,Courgette,2,0,0,0,0,0,0,0,0,0
September,Whitehawk,Physalis,20,0,0,0,0,0,0,0,0,0
September,Whitehawk,Rbean,25,0,0,0,0,0,0,0,0,0
September,Whitehawk,Squash,18,0,0,0,0,0,0,0,0,0
August,Whitehawk,Tomato,30,0,0,0,0,0,0,0,0,0
May,Whitehawk,Apple,50,0,0,0,0,0,0,0,0,0
May,Whitehawk,Strawberry,15,0,0,0,0,0,0,0,0,0
April,Whitehawk,Plum,100,1,0,0,0,0,0,0,0,0
May,Whitehawk,Apple,15,0,0,0,0,0,0,0,0,0
May,Whitehawk,Apple,15,0,0,0,0,0,0,0,0,0
May,Whitehawk,Apple,20,0,0,0,0,0,0,0,0,0
May,Whitehawk,Apple,20,0,0,0,0,0,0,0,0,0
May,Whitehawk,Apple,40,0,0,0,0,0,0,0,0,0
May,Whitehawk,Apple,50,0,0,0,0,0,0,0,0,0
May,Whitehawk,Apple,100,0,0,0,0,0,0,0,0,0
May,Whitehawk,Apple,100,0,1,0,1,0,0,0,0,0
May,Whitehawk,Apple,150,0,0,0,0,0,0,0,0,0
May,Whitehawk,Apple,300,0,0,0,0,0,0,0,0,0
May,Whitehawk,Apple,375,0,1,0,1,0,0,0,0,0
May,Whitehawk,Apple,450,0,0,2,0,0,0,0,0,0
May,Whitehawk,Apple,600,1,1,0,0,0,1,0,0,0
May,Whitehawk,Apple,1000,0,0,0,0,0,0,0,0,0
May,Whitehawk,Apple,40,0,0,1,0,0,0,0,0,0
May,Whitehawk,Apple,60,0,0,1,0,0,0,0,0,0
May,Whitehawk,Apple,100,0,0,0,0,0,0,0,0,0
May,Whitehawk,Apple,150,1,2,0,2,0,0,0,0,0
May,Whitehawk,Apple,1000,6,1,1,1,0,0,0,0,0
August,Whitehawk,Cucumber,1,0,0,0,0,0,0,0,0,0
August,Whitehawk,Raspberry,40,2,1,0,0,0,1,0,0,0
August,Whitehawk,Raspberry,225,2,2,0,0,0,2,0,0,0
August,Whitehawk,Rbean,5,0,0,0,0,0,0,0,0,0
August,Whitehawk,Rbean,10,0,0,0,0,0,0,0,0,0
August,Whitehawk,Squash,2,0,0,0,0,0,0,0,0,0
July,Whitehawk,Squash,1,0,0,0,0,0,0,0,0,0
July,Whitehawk,Squash,2,0,0,0,0,0,0,0,0,0
July,Whitehawk,Squash,2,0,0,0,0,0,0,0,0,0
June,Whitehawk,Bbean,644,0,0,0,0,0,0,0,0,0
June,Whitehawk,Raspberry,28,0,2,0,1,0,0,1,0,0
June,Whitehawk,Strawberry,2,0,0,0,0,0,0,0,0,0
May,Whitehawk,Bbean,90,0,0,0,0,0,0,0,0,0
May,Whitehawk,Strawberry,8,0,0,0,0,0,0,0,0,0
August,Whitehawk,Courgette,1,0,0,0,0,0,0,0,0,0
August,Whitehawk,Squash,2,0,0,0,0,0,0,0,0,0
August,Whitehawk,Squash,24,4,0,0,0,0,0,0,0,0
July,Whitehawk,Cucumber,4,0,0,0,0,0,0,0,0,0
July,Whitehawk,Rbean,30,0,0,0,0,0,0,0,0,0
July,Whitehawk,Squash,3,0,0,0,0,0,0,0,0,0
June,Whitehawk,Raspberry,10,0,0,0,0,0,0,0,0,0
May,Whitehawk,Bbean,50,0,0,0,0,0,0,0,0,0
May,Whitehawk,Raspberry,3,0,0,0,0,0,0,0,0,0
May,Whitehawk,Strawberry,8,0,0,0,0,0,0,0,0,0
August,Whitehawk,Rbean,30,0,2,0,2,0,0,0,0,0
August,Whitehawk,Courgette,2,0,0,0,0,0,0,0,0,0
August,Whitehawk,Courgette,3,0,0,0,0,0,0,0,0,0
August,Whitehawk,Raspberry,45,0,1,0,0,0,1,0,0,0
August,Whitehawk,Raspberry,135,0,2,0,0,0,2,0,0,0
August,Whitehawk,Raspberry,45,0,1,0,0,0,1,0,0,0
August,Whitehawk,Raspberry,150,1,3,0,0,0,2,1,0,0
August,Whitehawk,Rbean,5,0,0,0,0,0,0,0,0,0
August,Whitehawk,Rbean,50,0,3,0,0,0,3,0,0,0
August,Whitehawk,Rbean,100,2,1,0,1,0,0,0,0,0
August,Whitehawk,Squash,2,0,0,0,0,0,0,0,0,0
July,Whitehawk,Raspberry,60,0,0,0,0,0,0,0,0,0
July,Whitehawk,Raspberry,150,1,1,0,0,0,1,0,0,0
July,Whitehawk,Raspberry,10,0,0,0,0,0,0,0,0,0
July,Whitehawk,Raspberry,6,0,0,0,0,0,0,0,0,0
July,Whitehawk,Rbean,150,0,2,0,0,0,2,0,0,0
July,Whitehawk,Rbean,12,0,0,0,0,0,0,0,0,0
July,Whitehawk,Rbean,6,0,0,0,0,0,0,0,0,0
June,Whitehawk,Bbean,322,0,1,0,1,0,0,0,0,0
June,Whitehawk,Courgette,1,0,0,0,0,0,0,0,0,0
June,Whitehawk,Raspberry,70,0,1,0,0,0,1,0,0,0
June,Whitehawk,Strawberry,1,0,0,0,0,0,0,0,0,0
June,Whitehawk,Strawberry,1,0,0,0,0,0,0,0,0,0
June,Whitehawk,Strawberry,4,0,0,0,0,0,0,0,0,0
May,Whitehawk,Raspberry,11,0,1,0,0,0,1,0,0,0
May,Whitehawk,Strawberry,23,0,0,1,0,0,0,0,0,0
May,Whitehawk,Strawberry,42,0,0,0,0,0,0,0,0,0
April,Whitehawk,Bbean,200,0,0,0,0,0,0,0,0,0
April,Whitehawk,Currant,100,0,0,0,0,0,0,0,0,0
August,Whitehawk,Courgette,1,0,0,0,0,0,0,0,0,0
August,Whitehawk,Courgette,2,0,0,0,0,0,0,0,0,0
August,Whitehawk,Courgette,1,0,0,0,0,0,0,0,0,0
August,Whitehawk,Courgette,1,0,0,0,0,0,0,0,0,0
August,Whitehawk,Courgette,4,0,0,0,0,0,0,0,0,0
August,Whitehawk,Raspberry,40,0,0,0,0,0,0,0,0,0
August,Whitehawk,Raspberry,40,0,0,0,0,0,0,0,0,0
August,Whitehawk,Raspberry,80,0,0,0,0,0,0,0,0,0
August,Whitehawk,Raspberry,100,0,1,0,0,0,1,0,0,0
August,Whitehawk,Raspberry,24,0,1,0,0,0,1,0,0,0
August,Whitehawk,Rbean,160,0,1,0,0,0,1,0,0,0
August,Whitehawk,Squash,2,0,0,0,0,0,0,0,0,0
August,Whitehawk,Squash,2,0,0,0,0,0,0,0,0,0
August,Whitehawk,Squash,4,0,0,0,0,0,0,0,0,0
August,Whitehawk,Squash,2,1,0,0,0,0,0,0,0,0
August,Whitehawk,Squash,10,3,0,0,0,0,0,0,0,0
August,Whitehawk,Squash,15,1,0,0,0,0,0,0,0,0
August,Whitehawk,Squash,2,0,0,0,0,0,0,0,0,0
August,Whitehawk,Squash,3,1,0,0,0,0,0,0,0,0
July,Whitehawk,Rbean,15,0,0,0,0,0,0,0,0,0
July,Whitehawk,Rbean,15,0,0,0,0,0,0,0,0,0
July,Whitehawk,Squash,1,0,0,0,0,0,0,0,0,0
June,Whitehawk,Bbean,200,0,1,0,0,0,1,0,0,0
May,Whitehawk,Apple,20,0,0,0,0,0,0,0,0,0
May,Whitehawk,Apple,20,0,0,0,0,0,0,0,0,0
May,Whitehawk,Apple,30,0,0,0,0,0,0,0,0,0
May,Whitehawk,Apple,100,0,0,0,0,0,0,0,0,0
May,Whitehawk,Apple,150,0,0,0,0,0,0,0,0,0
May,Whitehawk,Cherry,75,0,0,0,0,0,0,0,0,0
May,Whitehawk,Currant,400,0,0,0,0,0,0,0,0,0
May,Whitehawk,Raspberry,10,0,0,0,0,0,0,0,0,0
May,Whitehawk,Strawberry,12,0,0,0,0,0,0,0,0,0
May,Whitehawk,Strawberry,30,0,0,0,0,0,0,0,0,0
May,Whitehawk,Strawberry,75,0,0,1,0,0,0,0,0,0
May,Whitehawk,Strawberry,30,0,0,0,0,0,0,0,0,0
September,Whitehawk,Cherry,20,0,0,0,0,0,0,0,0,0
September,Whitehawk,Courgette,1,0,0,0,0,0,0,0,0,0
September,Whitehawk,Courgette,2,0,0,0,0,0,0,0,0,0
September,Whitehawk,Raspberry,20,0,0,0,0,0,0,0,0,0
September,Whitehawk,Raspberry,90,2,1,0,0,0,1,0,0,0
August,Whitehawk,Rbean,30,0,1,0,0,0,1,0,0,0
May,Whitehawk,Apple,10,0,0,0,0,0,0,0,0,0
May,Whitehawk,Apple,15,0,0,0,0,0,0,0,0,0
May,Whitehawk,Bbean,21,0,0,0,0,0,0,0,0,0
May,Whitehawk,Currant,200,0,0,1,0,0,0,0,0,0
May,Whitehawk,Pear,10,0,0,0,0,0,0,0,0,0
May,Whitehawk,Raspberry,2,0,1,0,0,0,1,0,0,0
August,Whitehawk,Raspberry,16,0,0,0,0,0,0,0,0,0
August,Whitehawk,Squash,6,1,0,0,0,0,0,0,0,0
July,Whitehawk,Raspberry,16,0,0,0,0,0,0,0,0,0
July,Whitehawk,Rbean,50,0,0,0,0,0,0,0,0,0
September,Whitehawk,Courgette,4,0,0,0,0,0,0,0,0,0
September,Whitehawk,Squash,1,0,0,0,0,0,0,0,0,0
August,Whitehawk,Courgette,4,1,0,0,0,0,0,0,0,0
August,Whitehawk,Courgette,11,1,0,0,0,0,0,0,0,0
August,Whitehawk,Courgette,5,0,0,0,0,0,0,0,0,0
August,Whitehawk,Courgette,1,0,0,0,0,0,0,0,0,0
August,Whitehawk,Courgette,3,0,0,0,0,0,0,0,0,0
August,Whitehawk,Raspberry,15,0,0,0,0,0,0,0,0,0
August,Whitehawk,Raspberry,9,0,1,0,0,0,1,0,0,0
August,Whitehawk,Raspberry,20,0,0,0,0,0,0,0,0,0
August,Whitehawk,Squash,2,0,0,0,0,0,0,0,0,0
August,Whitehawk,Squash,3,0,0,0,0,0,0,0,0,0
August,Whitehawk,Squash,3,0,0,0,0,0,0,0,0,0
August,Whitehawk,Squash,6,5,0,0,0,0,0,0,0,0
August,Whitehawk,Squash,15,2,0,0,0,0,0,0,0,0
July,Whitehawk,Blackberry,13,0,0,0,0,0,0,0,0,0
July,Whitehawk,Squash,3,0,0,0,0,0,0,0,0,0
July,Whitehawk,Squash,9,0,0,0,0,0,0,0,0,0
July,Whitehawk,Squash,4,0,0,0,0,0,0,0,0,0
July,Whitehawk,Squash,1,0,0,0,0,0,0,0,0,0
July,Whitehawk,Physalis,200,0,0,0,0,0,0,0,0,0
July,Whitehawk,Physalis,100,0,0,0,0,0,0,0,0,0
June,Whitehawk,Bbean,250,0,0,0,0,0,0,0,0,0
June,Whitehawk,Physalis,22,0,0,0,0,0,0,0,0,0
June,Whitehawk,Bbean,10,0,0,0,0,0,0,0,0,0
May,Whitehawk,Apple,110,0,0,0,0,0,0,0,0,0
May,Whitehawk,Apple,200,0,0,0,0,0,0,0,0,0
May,Whitehawk,Bbean,80,0,0,0,0,0,0,0,0,0
May,Whitehawk,Cherry,20,0,0,0,0,0,0,0,0,0
May,Whitehawk,Strawberry,6,0,0,0,0,0,0,0,0,0
May,Whitehawk,Strawberry,25,0,0,0,0,0,0,0,0,0
August,Whitehawk,Rbean,20,0,0,0,0,0,0,0,0,0
August,Whitehawk,Rbean,25,0,0,0,0,0,0,0,0,0
August,Whitehawk,Courgette,2,1,0,0,0,0,0,0,0,0
August,Whitehawk,Physalis,25,1,1,0,0,0,1,0,0,0
August,Whitehawk,Physalis,75,0,1,0,0,0,1,0,0,0
August,Whitehawk,Physalis,15,0,0,0,0,0,0,0,0,0
August,Whitehawk,Physalis,28,0,0,0,0,0,0,0,0,0
August,Whitehawk,Physalis,35,0,2,0,0,1,1,0,0,0
August,Whitehawk,Physalis,60,2,2,0,0,0,2,0,0,0
August,Whitehawk,Raspberry,200,1,0,0,0,0,0,0,0,0
August,Whitehawk,Raspberry,90,0,0,0,0,0,0,0,0,0
August,Whitehawk,Raspberry,45,0,1,0,0,0,1,0,0,0
August,Whitehawk,Rbean,30,0,0,0,0,0,0,0,0,0
August,Whitehawk,Rbean,36,0,0,0,0,0,0,0,0,0
August,Whitehawk,Squash,2,1,0,0,0,0,0,0,0,0
August,Whitehawk,Squash,7,3,0,0,0,0,0,0,0,0
August,Whitehawk,Squash,1,0,0,0,0,0,0,0,0,0
August,Whitehawk,Squash,6,0,0,0,0,0,0,0,0,0
July,Whitehawk,Bbean,30,0,0,0,0,0,0,0,0,0
July,Whitehawk,Rbean,30,0,0,0,0,0,0,0,0,0
June,Whitehawk,Blackberry,40,1,0,0,0,0,0,0,0,0
June,Whitehawk,Raspberry,50,0,0,0,0,0,0,0,0,0
June,Whitehawk,Raspberry,10,0,1,0,0,0,0,1,0,0
June,Whitehawk,Raspberry,15,0,1,0,0,0,1,0,0,0
May,Whitehawk,Raspberry,12,1,0,0,0,0,0,0,0,0
September,Whitehawk,Physalis,15,0,0,0,0,0,0,0,0,0
September,Whitehawk,Physalis,25,0,0,0,0,0,0,0,0,0
September,Whitehawk,Raspberry,200,0,1,0,0,0,1,0,0,0
August,Whitehawk,Rbean,20,0,0,0,0,0,0,0,0,0
August,Whitehawk,Courgette,1,0,0,0,0,0,0,0,0,0
August,Whitehawk,Courgette,2,0,0,0,0,0,0,0,0,0
August,Whitehawk,Raspberry,150,0,2,0,0,0,2,0,0,0
August,Whitehawk,Raspberry,225,4,2,0,0,0,2,0,0,0
August,Whitehawk,Raspberry,75,3,0,0,0,0,0,0,0,0
August,Whitehawk,Rbean,30,3,0,0,0,0,0,0,0,0
August,Whitehawk,Rbean,160,4,0,0,0,0,0,0,0,0
August,Whitehawk,Rbean,160,3,0,0,0,0,0,0,0,0
August,Whitehawk,Squash,2,0,0,0,0,0,0,0,0,0
August,Whitehawk,Squash,3,0,0,0,0,0,0,0,0,0
August,Whitehawk,Tomato,2,0,0,0,0,0,0,0,0,0
July,Whitehawk,Raspberry,150,1,0,0,0,0,0,0,0,0
July,Whitehawk,Raspberry,14,0,0,0,0,0,0,0,0,0
July,Whitehawk,Raspberry,15,0,0,0,0,0,0,0,0,0
July,Whitehawk,Rbean,20,1,0,0,0,0,0,0,0,0
July,Whitehawk,Rbean,60,2,0,0,0,0,0,0,0,0
July,Whitehawk,Rbean,80,0,1,0,1,0,0,0,0,0
July,Whitehawk,Rbean,21,0,0,0,0,0,0,0,0,0
June,Whitehawk,Raspberry,14,0,0,0,0,0,0,0,0,0
June,Whitehawk,Raspberry,20,0,0,0,0,0,0,0,0,0
June,Whitehawk,Rbean,4,0,0,0,0,0,0,0,0,0
May,Whitehawk,Bbean,5,0,0,2,0,0,0,0,0,0
May,Whitehawk,Bbean,300,0,0,0,0,0,0,0,0,0
May,Whitehawk,Currant,200,0,0,0,0,0,0,0,0,0
May,Whitehawk,Raspberry,17,0,0,0,0,0,0,0,0,0
August,Whitehawk,Courgette,1,0,0,0,0,0,0,0,0,0
August,Whitehawk,Courgette,2,0,0,0,0,0,0,0,0,0
August,Whitehawk,Courgette,2,0,0,0,0,0,0,0,0,0
August,Whitehawk,Raspberry,60,0,0,0,0,0,0,0,0,0
August,Whitehawk,Raspberry,40,0,2,0,0,0,2,0,0,0
August,Whitehawk,Raspberry,175,0,2,0,0,0,2,0,0,0
August,Whitehawk,Rbean,15,0,0,0,0,0,0,0,0,0
August,Whitehawk,Rbean,60,0,0,0,0,0,0,0,0,0
August,Whitehawk,Squash,4,0,0,0,0,0,0,0,0,0
August,Whitehawk,Squash,4,0,0,0,0,0,0,0,0,0
August,Whitehawk,Squash,8,0,0,1,0,0,0,0,0,0
August,Whitehawk,Tomato,30,0,0,0,0,0,0,0,0,0
June,Whitehawk,Bbean,35,2,0,0,0,0,0,0,0,0
June,Whitehawk,Raspberry,25,0,2,0,0,0,1,0,1,0
June,Whitehawk,Tomato,15,0,0,0,0,0,0,0,0,0
May,Whitehawk,Bbean,25,0,0,0,0,0,0,0,0,0
May,Whitehawk,Bbean,18,0,0,0,0,0,0,0,0,0
May,Whitehawk,Currant,100,0,0,0,0,0,0,0,0,0
May,Whitehawk,Pear,10,0,1,0,0,1,0,0,0,0
September,Whitehawk,Courgette,1,0,0,0,0,0,0,0,0,0
September,Whitehawk,Courgette,2,0,0,1,0,0,0,0,0,0
September,Whitehawk,Raspberry,90,0,2,0,0,0,2,0,0,0
September,Whitehawk,Rbean,15,0,0,0,0,0,0,0,0,0
August,Whitehawk,Courgette,3,0,0,0,0,0,0,0,0,0
August,Whitehawk,Courgette,3,0,0,0,0,0,0,0,0,0
August,Whitehawk,Cucumber,6,0,0,0,0,0,0,0,0,0
August,Whitehawk,Tomato,20,0,0,0,0,0,0,0,0,0
July,Whitehawk,Cucumber,6,0,0,0,0,0,0,0,0,0
July,Whitehawk,Cucumber,6,0,0,0,0,0,0,0,0,0
July,Whitehawk,Cucumber,3,0,0,0,0,0,0,0,0,0
July,Whitehawk,Pepper,10,0,0,0,0,0,0,0,0,0
July,Whitehawk,Rbean,14,0,0,0,0,0,0,0,0,0
July,Whitehawk,Rbean,20,0,0,0,0,0,0,0,0,0
June,Whitehawk,Tomato,4,0,0,0,0,0,0,0,0,0
June,Whitehawk,Tomato,60,0,0,0,0,0,0,0,0,0
June,Whitehawk,Tomato,15,0,0,0,0,0,0,0,0,0
June,Whitehawk,Tomato,40,0,0,0,0,0,0,0,0,0
June,Whitehawk,Tomato,60,0,0,0,0,0,0,0,0,0
May,Whitehawk,Bbean,45,0,0,0,0,0,0,0,0,0
May,Whitehawk,Tomato,5,0,0,0,0,0,0,0,0,0
April,Whitehawk,Bbean,150,0,0,0,0,0,0,0,0,0
April,Whitehawk,Bbean,90,0,0,0,0,0,0,0,0,0
April,Whitehawk,Currant,200,0,0,0,0,0,0,0,0,0
April,Whitehawk,Gooseberry,700,0,0,0,0,0,0,0,0,0
August,Whitehawk,Courgette,2,0,0,0,0,0,0,0,0,0
August,Whitehawk,Courgette,1,0,0,0,0,0,0,0,0,0
August,Whitehawk,Cucumber,4,0,0,0,0,0,0,0,0,0
August,Whitehawk,Cucumber,6,0,0,0,0,0,0,0,0,0
August,Whitehawk,Cucumber,9,0,1,0,0,0,1,0,0,0
July,Whitehawk,Courgette,2,0,0,0,0,0,0,0,0,0
July,Whitehawk,Cucumber,40,0,1,0,0,0,0,0,0,1
June,Whitehawk,Bbean,35,0,0,0,0,0,0,0,0,0
May,Whitehawk,Apple,50,0,0,0,0,0,0,0,0,0
May,Whitehawk,Bbean,65,0,0,0,0,0,0,0,0,0
May,Whitehawk,Bbean,75,0,0,0,0,0,0,0,0,0
September,Whitehawk,Courgette,2,0,0,0,0,0,0,0,0,0
September,Whitehawk,Cucumber,1,0,0,0,0,0,0,0,0,0
August,Whitehawk,Raspberry,200,6,2,0,0,0,2,0,0,0
August,Whitehawk,Raspberry,12,0,1,0,0,0,1,0,0,0
August,Whitehawk,Raspberry,300,7,3,0,0,0,3,0,0,0
August,Whitehawk,Raspberry,10,0,0,0,0,0,0,0,0,0
August,Whitehawk,Raspberry,120,4,1,0,0,0,1,0,0,0
August,Whitehawk,Strawberry,2,0,0,0,0,0,0,0,0,0
August,Whitehawk,Strawberry,1,0,0,0,0,0,0,0,0,0
August,Whitehawk,Strawberry,2,0,0,0,0,0,0,0,0,0
August,Whitehawk,Tomato,5,0,0,0,0,0,0,0,0,0
August,Whitehawk,Tomato,8,0,0,0,0,0,0,0,0,0
August,Whitehawk,Tomato,8,0,0,0,0,0,0,0,0,0
July,Whitehawk,Raspberry,10,0,0,0,0,0,0,0,0,0
July,Whitehawk,Raspberry,60,1,0,0,0,0,0,0,0,0
July,Whitehawk,Raspberry,10,0,0,0,0,0,0,0,0,0
June,Whitehawk,Blackberry,120,0,1,0,1,0,0,0,0,0
June,Whitehawk,Blackberry,100,1,2,0,2,0,0,0,0,0
June,Whitehawk,Strawberry,3,0,0,0,0,0,0,0,0,0
June,Whitehawk,Strawberry,1,0,0,0,0,0,0,0,0,0
